# DISTANCE:     AVE_GOFR:        ERROR:
           0           0           0           0
   0.0256496           0           0           0
   0.0512993           0           0           0
   0.0769489           0           0           0
    0.102599           0           0           0
    0.128248           0           0           0
    0.153898           0           0           0
    0.179547           0           0           0
    0.205197           0           0           0
    0.230847           0           0           0
    0.256496           0           0           0
    0.282146           0           0           0
    0.307796           0           0           0
    0.333445           0           0           0
    0.359095           0           0           0
    0.384745           0           0           0
    0.410394           0           0           0
    0.436044           0           0           0
    0.461694           0           0           0
    0.487343           0           0           0
    0.512993           0           0           0
    0.538642           0           0           0
    0.564292           0           0           0
    0.589942           0           0           0
    0.615591           0           0           0
    0.641241           0           0           0
    0.666891           0           0           0
     0.69254           0           0           0
     0.71819           0           0           0
     0.74384           0           0           0
    0.769489           0           0           0
    0.795139           0           0           0
    0.820788           0           0           0
    0.846438           0           0           0
    0.872088 0.000794778 0.000794778           0
    0.897737   0.0371853   0.0371853           0
    0.923387    0.183526    0.183526           0
    0.949037    0.589188    0.589188           0
    0.974686      1.1806      1.1806           0
     1.00034     1.94939     1.94939           0
     1.02599      2.4634      2.4634           0
     1.05164     2.57661     2.57661           0
     1.07728     2.50542     2.50542           0
     1.10293     2.38317     2.38317           0
     1.12858     2.13722     2.13722           0
     1.15423      1.9138      1.9138           0
     1.17988     1.65451     1.65451           0
     1.20553     1.50369     1.50369           0
     1.23118     1.43985     1.43985           0
     1.25683     1.31752     1.31752           0
     1.28248     1.15586     1.15586           0
     1.30813    0.993235    0.993235           0
     1.33378    0.914254    0.914254           0
     1.35943    0.898931    0.898931           0
     1.38508    0.798357    0.798357           0
     1.41073    0.774289    0.774289           0
     1.43638    0.703127    0.703127           0
     1.46203    0.684056    0.684056           0
     1.48768    0.688322    0.688322           0
     1.51333    0.628031    0.628031           0
     1.53898    0.621597    0.621597           0
     1.56463    0.657094    0.657094           0
     1.59028    0.702967    0.702967           0
     1.61593     0.69959     0.69959           0
     1.64158    0.720572    0.720572           0
     1.66723    0.756375    0.756375           0
     1.69288    0.786918    0.786918           0
     1.71853     0.79631     0.79631           0
     1.74418    0.860995    0.860995           0
     1.76983    0.874996    0.874996           0
     1.79547    0.905402    0.905402           0
     1.82112    0.934773    0.934773           0
     1.84677    0.964433    0.964433           0
     1.87242     1.01321     1.01321           0
     1.89807     1.05759     1.05759           0
     1.92372     1.13163     1.13163           0
     1.94937     1.19184     1.19184           0
     1.97502     1.19553     1.19553           0
     2.00067     1.18892     1.18892           0
     2.02632     1.19519     1.19519           0
     2.05197     1.18816     1.18816           0
     2.07762     1.19698     1.19698           0
     2.10327     1.18418     1.18418           0
     2.12892     1.17644     1.17644           0
     2.15457     1.14795     1.14795           0
     2.18022      1.1224      1.1224           0
     2.20587     1.10308     1.10308           0
     2.23152     1.10377     1.10377           0
     2.25717     1.07617     1.07617           0
     2.28282     1.03005     1.03005           0
     2.30847    0.999333    0.999333           0
     2.33412    0.954497    0.954497           0
     2.35977    0.963926    0.963926           0
     2.38542    0.911886    0.911886           0
     2.41107    0.913632    0.913632           0
     2.43672    0.905434    0.905434           0
     2.46237    0.908022    0.908022           0
     2.48802    0.879502    0.879502           0
     2.51366    0.885114    0.885114           0
     2.53931    0.884378    0.884378           0

           0           0           0           0
   0.0256496           0           0           0
   0.0512993           0           0           0
   0.0769489           0           0           0
    0.102599           0           0           0
    0.128248           0           0           0
    0.153898           0           0           0
    0.179547           0           0           0
    0.205197           0           0           0
    0.230847           0           0           0
    0.256496           0           0           0
    0.282146           0           0           0
    0.307796           0           0           0
    0.333445           0           0           0
    0.359095           0           0           0
    0.384745           0           0           0
    0.410394           0           0           0
    0.436044           0           0           0
    0.461694           0           0           0
    0.487343           0           0           0
    0.512993           0           0           0
    0.538642           0           0           0
    0.564292           0           0           0
    0.589942           0           0           0
    0.615591           0           0           0
    0.641241           0           0           0
    0.666891           0           0           0
     0.69254           0           0           0
     0.71819           0           0           0
     0.74384           0           0           0
    0.769489           0           0           0
    0.795139           0           0           0
    0.820788           0           0           0
    0.846438 0.000453887 0.000226943 0.000160473
    0.872088 0.000978189 0.000886484 6.48454e-05
    0.897737   0.0321041   0.0346447  0.00179649
    0.923387    0.175497    0.179511  0.00283877
    0.949037    0.580133    0.584661  0.00320167
    0.974686     1.20721     1.19391  0.00940762
     1.00034      1.8514      1.9004   0.0346446
     1.02599     2.33066     2.39703   0.0469306
     1.05164     2.48737     2.53199   0.0315503
     1.07728     2.49551     2.50046    0.003504
     1.10293     2.35987     2.37152  0.00823951
     1.12858     2.20278        2.17   0.0231784
     1.15423     2.08442     1.99911   0.0603234
     1.17988     1.89888     1.77669   0.0863973
     1.20553      1.6228     1.56325   0.0421117
     1.23118     1.44842     1.44414  0.00302975
     1.25683     1.20775     1.26264   0.0388091
     1.28248     1.08717     1.12152   0.0242832
     1.30813     1.02687     1.01005   0.0118929
     1.33378    0.923944    0.919099  0.00342579
     1.35943    0.856549     0.87774   0.0149845
     1.38508    0.819721    0.809039  0.00755332
     1.41073    0.749294    0.761791  0.00883719
     1.43638    0.718218    0.710673  0.00533551
     1.46203     0.70895    0.696503  0.00880121
     1.48768    0.632376    0.660349   0.0197799
     1.51333    0.659584    0.643807   0.0111555
     1.53898     0.66987    0.645734   0.0170669
     1.56463    0.679028    0.668061  0.00775481
     1.59028    0.647954     0.67546     0.01945
     1.61593    0.708343    0.703966  0.00309465
     1.64158    0.722443    0.721508 0.000661732
     1.66723    0.710035    0.733205   0.0163839
     1.69288    0.725225    0.756071   0.0218117
     1.71853    0.765915    0.781112   0.0107461
     1.74418    0.787203    0.824099   0.0260893
     1.76983    0.826122    0.850559   0.0172795
     1.79547    0.859091    0.882246   0.0163734
     1.82112    0.932623    0.933698 0.000759948
     1.84677    0.961581    0.963007  0.00100835
     1.87242     1.03342     1.02331  0.00714391
     1.89807     1.07235     1.06497   0.0052197
     1.92372     1.12362     1.12762  0.00283456
     1.94937     1.18328     1.18756  0.00302472
     1.97502     1.15849     1.17701   0.0130952
     2.00067     1.22951     1.20921   0.0143503
     2.02632     1.24276     1.21897   0.0168167
     2.05197     1.23021     1.20919    0.014865
     2.07762     1.24735     1.22217   0.0178066
     2.10327     1.21868     1.20143   0.0121987
     2.12892     1.18775      1.1821  0.00399647
     2.15457     1.18784     1.16789   0.0141036
     2.18022     1.13167     1.12703  0.00327672
     2.20587     1.12005     1.11157  0.00599702
     2.23152     1.10587     1.10482 0.000742673
     2.25717     1.05691     1.06654   0.0068098
     2.28282     1.02399     1.02702  0.00214241
     2.30847     1.00246      1.0009  0.00110578
     2.33412    0.975741    0.965119  0.00751071
     2.35977    0.963289    0.963607 0.000225528
     2.38542    0.915207    0.913547  0.00117428
     2.41107    0.927575    0.920603  0.00492957
     2.43672    0.899897    0.902666  0.00195783
     2.46237    0.891127    0.899575  0.00597343
     2.48802    0.907267    0.893385  0.00981659
     2.51366    0.884297    0.884705 0.000289052
     2.53931    0.885061    0.884719  0.00024169

           0           0           0           0
   0.0256496           0           0           0
   0.0512993           0           0           0
   0.0769489           0           0           0
    0.102599           0           0           0
    0.128248           0           0           0
    0.153898           0           0           0
    0.179547           0           0           0
    0.205197           0           0           0
    0.230847           0           0           0
    0.256496           0           0           0
    0.282146           0           0           0
    0.307796           0           0           0
    0.333445           0           0           0
    0.359095           0           0           0
    0.384745           0           0           0
    0.410394           0           0           0
    0.436044           0           0           0
    0.461694           0           0           0
    0.487343           0           0           0
    0.512993           0           0           0
    0.538642           0           0           0
    0.564292           0           0           0
    0.589942           0           0           0
    0.615591           0           0           0
    0.641241           0           0           0
    0.666891           0           0           0
     0.69254           0           0           0
     0.71819           0           0           0
     0.74384           0           0           0
    0.769489           0           0           0
    0.795139           0           0           0
    0.820788           0           0           0
    0.846438           0 0.000151296 0.000123532
    0.872088  0.00128387  0.00101895 0.000116475
    0.897737   0.0285242   0.0326045  0.00205166
    0.923387    0.194723    0.184582   0.0045522
    0.949037    0.585049     0.58479  0.00213706
    0.974686     1.22327     1.20369   0.0101577
     1.00034     1.86096     1.88725   0.0254682
     1.02599     2.31806     2.37071   0.0379581
     1.05164     2.63374     2.56591   0.0347738
     1.07728     2.66443     2.55512   0.0446884
     1.10293     2.41371     2.38558   0.0127282
     1.12858     2.14446     2.16149   0.0169437
     1.15423     1.89159     1.96327   0.0497365
     1.17988     1.68349     1.74563   0.0629371
     1.20553     1.54865     1.55838    0.028354
     1.23118     1.42478     1.43769  0.00564067
     1.25683     1.29094     1.27207   0.0269951
     1.28248     1.17187      1.1383   0.0212099
     1.30813    0.983412     1.00117   0.0107443
     1.33378    0.918928    0.919042  0.00228434
     1.35943    0.852735    0.869405   0.0120875
     1.38508    0.778169    0.798749  0.00979521
     1.41073     0.75442    0.759334  0.00622366
     1.43638    0.686805    0.702717  0.00740606
     1.46203     0.67983    0.690945  0.00741744
     1.48768    0.707843     0.67618   0.0184654
     1.51333    0.672842    0.653485   0.0108515
     1.53898    0.625017    0.638828   0.0126984
     1.56463    0.634102    0.656742   0.0105902
     1.59028    0.660883    0.670601   0.0135601
     1.61593    0.715688    0.707874  0.00379924
     1.64158    0.738309    0.727108  0.00459394
     1.66723    0.745384    0.737265   0.0114144
     1.69288    0.733996    0.748713   0.0157335
     1.71853    0.787749    0.783325  0.00738822
     1.74418    0.817911    0.822037   0.0174742
     1.76983    0.899357    0.866825    0.017581
     1.79547    0.912635    0.892376   0.0136951
     1.82112    0.948111    0.938502  0.00395524
     1.84677    0.988897    0.971637  0.00707833
     1.87242     1.03613     1.02758  0.00590245
     1.89807     1.06231     1.06408   0.0035544
     1.92372     1.11847     1.12457   0.0031269
     1.94937     1.15692     1.17734  0.00857938
     1.97502     1.19194     1.18199  0.00962983
     2.00067     1.18099     1.19981   0.0122682
     2.02632     1.21304     1.21699   0.0113269
     2.05197     1.21068     1.20968  0.00991833
     2.07762     1.22264     1.22232   0.0118718
     2.10327     1.21299     1.20529  0.00872016
     2.12892     1.19776     1.18732  0.00502666
     2.15457     1.16023     1.16534  0.00963098
     2.18022     1.12007     1.12471  0.00289201
     2.20587     1.13035     1.11783  0.00648935
     2.23152     1.08672     1.09879  0.00495161
     2.25717     1.03685     1.05665  0.00926871
     2.28282     1.02894     1.02766    0.001521
     2.30847     1.01996     1.00725  0.00523929
     2.33412    0.978992    0.969743  0.00627112
     2.35977    0.962489    0.963235 0.000339506
     2.38542    0.942602    0.923232  0.00794662
     2.41107     0.92324    0.921482  0.00336379
     2.43672      0.8925    0.899277  0.00305913
     2.46237    0.901028    0.900059  0.00400189
     2.48802    0.879502    0.888757  0.00755682
     2.51366    0.886434    0.885282 0.000508473
     2.53931    0.879416    0.882952  0.00145238

           0           0           0           0
   0.0256496           0           0           0
   0.0512993           0           0           0
   0.0769489           0           0           0
    0.102599           0           0           0
    0.128248           0           0           0
    0.153898           0           0           0
    0.179547           0           0           0
    0.205197           0           0           0
    0.230847           0           0           0
    0.256496           0           0           0
    0.282146           0           0           0
    0.307796           0           0           0
    0.333445           0           0           0
    0.359095           0           0           0
    0.384745           0           0           0
    0.410394           0           0           0
    0.436044           0           0           0
    0.461694           0           0           0
    0.487343           0           0           0
    0.512993           0           0           0
    0.538642           0           0           0
    0.564292           0           0           0
    0.589942           0           0           0
    0.615591           0           0           0
    0.641241           0           0           0
    0.666891           0           0           0
     0.69254           0           0           0
     0.71819           0           0           0
     0.74384           0           0           0
    0.769489           0           0           0
    0.795139           0           0           0
    0.820788           0           0           0
    0.846438           0 0.000113472 9.82694e-05
    0.872088           0  0.00076421 0.000237275
    0.897737   0.0143198   0.0280334  0.00424729
    0.923387    0.160968    0.178678  0.00614783
    0.949037    0.592966    0.586834  0.00238797
    0.974686      1.2593      1.2176   0.0142471
     1.00034     1.86703      1.8822   0.0195967
     1.02599     2.27033     2.34562   0.0358163
     1.05164     2.49954     2.54931   0.0297764
     1.07728     2.53958     2.55123   0.0336847
     1.10293     2.39944     2.38905   0.0100065
     1.12858     2.21928     2.17594   0.0178339
     1.15423      2.0137     1.97588   0.0388674
     1.17988     1.74773     1.74615    0.047205
     1.20553     1.55227     1.55685   0.0213067
     1.23118     1.35078     1.41596   0.0192843
     1.25683     1.24761     1.26595   0.0209276
     1.28248     1.14048     1.13884   0.0159144
     1.30813      1.0685       1.018   0.0166549
     1.33378    0.990477    0.936901   0.0155608
     1.35943    0.907296    0.878878   0.0122264
     1.38508    0.832486    0.807183   0.0103596
     1.41073    0.816318     0.77358   0.0131908
     1.43638    0.750133    0.714571   0.0116723
     1.46203    0.687072    0.689977  0.00562595
     1.48768    0.657617    0.671539   0.0144205
     1.51333    0.626469    0.646731   0.0100225
     1.53898    0.671739    0.647056   0.0118942
     1.56463    0.665098    0.658831  0.00814608
     1.59028    0.676289    0.672023   0.0102444
     1.61593    0.669667    0.698322  0.00874894
     1.64158    0.686987    0.717078  0.00934485
     1.66723      0.6937    0.726373   0.0127377
     1.69288    0.736859     0.74575    0.012076
     1.71853    0.784459    0.783608   0.0055466
     1.74418    0.822983    0.822273   0.0131072
     1.76983    0.842122    0.860649   0.0142292
     1.79547    0.890336    0.891866   0.0102808
     1.82112    0.917534     0.93326  0.00542295
     1.84677    0.968849     0.97094  0.00534294
     1.87242    0.980209     1.01574   0.0111718
     1.89807     1.04253     1.05869  0.00537293
     1.92372     1.08206     1.11395  0.00949827
     1.94937     1.13225     1.16607   0.0116934
     1.97502     1.21296     1.18973  0.00985606
     2.00067       1.223     1.20561   0.0104822
     2.02632     1.22013     1.21778  0.00852229
     2.05197     1.23495       1.216  0.00923323
     2.07762      1.2791     1.23652   0.0151779
     2.10327     1.21865     1.20863  0.00715165
     2.12892     1.19572     1.18942  0.00418626
     2.15457     1.16668     1.16567  0.00722908
     2.18022     1.15393     1.13202  0.00668865
     2.20587     1.13361     1.12177   0.0059475
     2.23152     1.08912     1.09637  0.00426351
     2.25717     1.06505     1.05875   0.0071858
     2.28282      1.0431     1.03152  0.00353303
     2.30847     1.02408     1.01146  0.00535872
     2.33412     1.00385     0.97827  0.00875517
     2.35977    0.973614    0.965829  0.00226153
     2.38542    0.931881    0.925394  0.00624721
     2.41107    0.915425    0.919968  0.00284336
     2.43672    0.900647     0.89962  0.00231343
     2.46237    0.865479    0.891414  0.00806603
     2.48802        0.91    0.894068    0.007299
     2.51366    0.877448    0.883323  0.00173827
     2.53931    0.856129    0.876246  0.00590847

           0           0           0           0
   0.0256496           0           0           0
   0.0512993           0           0           0
   0.0769489           0           0           0
    0.102599           0           0           0
    0.128248           0           0           0
    0.153898           0           0           0
    0.179547           0           0           0
    0.205197           0           0           0
    0.230847           0           0           0
    0.256496           0           0           0
    0.282146           0           0           0
    0.307796           0           0           0
    0.333445           0           0           0
    0.359095           0           0           0
    0.384745           0           0           0
    0.410394           0           0           0
    0.436044           0           0           0
    0.461694           0           0           0
    0.487343           0           0           0
    0.512993           0           0           0
    0.538642           0           0           0
    0.564292           0           0           0
    0.589942           0           0           0
    0.615591           0           0           0
    0.641241           0           0           0
    0.666891           0           0           0
     0.69254           0           0           0
     0.71819           0           0           0
     0.74384           0           0           0
    0.769489           0           0           0
    0.795139           0           0           0
    0.820788           0           0           0
    0.846438           0 9.07774e-05 8.11937e-05
    0.872088  0.00238434  0.00108824 0.000346447
    0.897737   0.0267919   0.0277851  0.00340508
    0.923387    0.176862    0.178315  0.00492898
    0.949037    0.577856    0.585038  0.00249578
    0.974686     1.20569     1.21522    0.011595
     1.00034     1.87183     1.88012   0.0157866
     1.02599     2.36993     2.35048   0.0289812
     1.05164     2.51416     2.54228   0.0246372
     1.07728     2.55695     2.55238   0.0269671
     1.10293      2.4572     2.40268   0.0145852
     1.12858     2.18389     2.17753   0.0143379
     1.15423     1.94372     1.96945   0.0316217
     1.17988     1.75319     1.74756    0.037785
     1.20553     1.60461      1.5664   0.0190665
     1.23118     1.38534     1.40984    0.016371
     1.25683      1.2894     1.27064   0.0172592
     1.28248     1.13503     1.13808   0.0127498
     1.30813     1.03862     1.02213   0.0138247
     1.33378    0.966055    0.942732    0.013497
     1.35943    0.883143    0.879731  0.00981083
     1.38508    0.837361    0.813219  0.00989079
     1.41073    0.780384    0.774941   0.0106226
     1.43638    0.736136    0.718884   0.0101033
     1.46203    0.722354    0.696452  0.00733496
     1.48768    0.670545    0.671341   0.0115377
     1.51333    0.641865    0.645758  0.00806514
     1.53898    0.646847    0.647014  0.00951546
     1.56463    0.652707    0.657606  0.00660828
     1.59028     0.68607    0.674833  0.00857205
     1.61593     0.67463    0.693584  0.00818228
     1.64158    0.690748    0.711812  0.00883592
     1.66723    0.666968    0.714492   0.0147231
     1.69288     0.70431    0.737462   0.0121772
     1.71853    0.744992    0.775885  0.00821022
     1.74418    0.810374    0.819893   0.0106997
     1.76983    0.865384    0.861596   0.0114148
     1.79547    0.923499    0.898192  0.00998326
     1.82112    0.954217    0.937452  0.00573376
     1.84677     1.00213    0.977178  0.00702888
     1.87242     1.02618     1.01783  0.00913059
     1.89807      1.0267     1.05229  0.00715828
     1.92372     1.08039     1.10723  0.00968362
     1.94937     1.15923      1.1647  0.00943439
     1.97502     1.16547     1.18488  0.00900045
     2.00067     1.22561     1.20961  0.00911745
     2.02632     1.22939      1.2201   0.0071271
     2.05197     1.20329     1.21346  0.00772855
     2.07762     1.21417     1.23205   0.0127833
     2.10327     1.19366     1.20563  0.00631652
     2.12892      1.2403     1.19959  0.00969869
     2.15457     1.17841     1.16822  0.00621592
     2.18022     1.14471     1.13455  0.00581253
     2.20587     1.12043      1.1215   0.0047641
     2.23152     1.10163     1.09742  0.00353837
     2.25717     1.07117     1.06123  0.00616291
     2.28282      1.0257     1.03035  0.00301229
     2.30847     1.02824     1.01481  0.00523337
     2.33412     1.00957     0.98453  0.00896708
     2.35977    0.978088    0.968281  0.00284282
     2.38542    0.949253    0.930166  0.00657223
     2.41107    0.941021    0.924178   0.0043997
     2.43672    0.923874    0.904471  0.00471707
     2.46237    0.880304    0.889192  0.00675197
     2.48802    0.886552    0.892565  0.00599197
     2.51366     0.86943    0.880545  0.00284785
     2.53931    0.872874    0.875572  0.00476511

           0           0           0           0
   0.0256496           0           0           0
   0.0512993           0           0           0
   0.0769489           0           0           0
    0.102599           0           0           0
    0.128248           0           0           0
    0.153898           0           0           0
    0.179547           0           0           0
    0.205197           0           0           0
    0.230847           0           0           0
    0.256496           0           0           0
    0.282146           0           0           0
    0.307796           0           0           0
    0.333445           0           0           0
    0.359095           0           0           0
    0.384745           0           0           0
    0.410394           0           0           0
    0.436044           0           0           0
    0.461694           0           0           0
    0.487343           0           0           0
    0.512993           0           0           0
    0.538642           0           0           0
    0.564292           0           0           0
    0.589942           0           0           0
    0.615591           0           0           0
    0.641241           0           0           0
    0.666891           0           0           0
     0.69254           0           0           0
     0.71819           0           0           0
     0.74384           0           0           0
    0.769489           0           0           0
    0.795139           0           0           0
    0.820788           0           0           0
    0.846438           0 7.56478e-05 6.90567e-05
    0.872088 6.11368e-05 0.000917052 0.000328284
    0.897737   0.0239049   0.0271384  0.00289833
    0.923387    0.156707    0.174714  0.00526113
    0.949037    0.570922    0.582686  0.00298973
    0.974686     1.27349     1.22493   0.0131138
     1.00034     1.93018     1.88846   0.0152007
     1.02599     2.42543     2.36297   0.0267078
     1.05164     2.51306     2.53741   0.0210069
     1.07728     2.38101     2.52382   0.0344211
     1.10293     2.31579      2.3882   0.0179572
     1.12858     2.05969     2.15789   0.0215458
     1.15423     1.89619     1.95724   0.0286114
     1.17988     1.74746     1.74754   0.0314875
     1.20553     1.56097      1.5655   0.0159103
     1.23118     1.36341      1.4021   0.0153629
     1.25683     1.29023     1.27391    0.014688
     1.28248     1.19692     1.14789   0.0138934
     1.30813     1.02742     1.02301   0.0115487
     1.33378    0.967085    0.946791   0.0118421
     1.35943    0.888431    0.881181  0.00828216
     1.38508    0.819697    0.814298  0.00830104
     1.41073     0.79222    0.777821  0.00923432
     1.43638    0.737777    0.722033  0.00889661
     1.46203     0.76939    0.708609   0.0126692
     1.48768    0.752093    0.684799   0.0156011
     1.51333    0.722339    0.658522    0.013451
     1.53898    0.690447    0.654253   0.0103221
     1.56463    0.718086    0.667686   0.0107237
     1.59028    0.726626    0.683465    0.010636
     1.61593    0.720976    0.698149  0.00799136
     1.64158    0.703115    0.710362  0.00748122
     1.66723      0.6985    0.711827   0.0125081
     1.69288    0.751044    0.739725   0.0103559
     1.71853    0.777367    0.776132  0.00684557
     1.74418    0.773788    0.812209   0.0113449
     1.76983    0.819659    0.854607   0.0114541
     1.79547    0.870438    0.893566   0.0093297
     1.82112    0.888353    0.929268  0.00886755
     1.84677    0.944676    0.971761  0.00766568
     1.87242    0.984694     1.01231  0.00912741
     1.89807     1.00772     1.04487  0.00903161
     1.92372     1.06296     1.09986   0.0105114
     1.94937     1.09065     1.15236   0.0137383
     1.97502     1.14538      1.1783  0.00961091
     2.00067     1.18164     1.20495  0.00870786
     2.02632     1.19673     1.21621  0.00692197
     2.05197     1.23359     1.21681  0.00713163
     2.07762      1.2239     1.23069   0.0107246
     2.10327     1.22587     1.20901  0.00609787
     2.12892      1.1874     1.19756  0.00829234
     2.15457     1.18981     1.17182  0.00613319
     2.18022     1.13255     1.13422  0.00485335
     2.20587     1.14229     1.12497  0.00507575
     2.23152     1.12389     1.10183  0.00499034
     2.25717     1.10847      1.0691  0.00883358
     2.28282     1.05691     1.03478   0.0047568
     2.30847     1.05491      1.0215  0.00749914
     2.33412     1.02998    0.992105   0.0101811
     2.35977     1.00234    0.973958  0.00569835
     2.38542     0.92776    0.929765  0.00548907
     2.41107     0.92099    0.923647  0.00369836
     2.43672    0.903982    0.904389   0.0039316
     2.46237    0.905709    0.891945  0.00616233
     2.48802    0.879081    0.890317  0.00539832
     2.51366    0.880104    0.880471  0.00237416
     2.53931    0.869331    0.874531  0.00408286

           0           0           0           0
   0.0256496           0           0           0
   0.0512993           0           0           0
   0.0769489           0           0           0
    0.102599           0           0           0
    0.128248           0           0           0
    0.153898           0           0           0
    0.179547           0           0           0
    0.205197           0           0           0
    0.230847           0           0           0
    0.256496           0           0           0
    0.282146           0           0           0
    0.307796           0           0           0
    0.333445           0           0           0
    0.359095           0           0           0
    0.384745           0           0           0
    0.410394           0           0           0
    0.436044           0           0           0
    0.461694           0           0           0
    0.487343           0           0           0
    0.512993           0           0           0
    0.538642           0           0           0
    0.564292           0           0           0
    0.589942           0           0           0
    0.615591           0           0           0
    0.641241           0           0           0
    0.666891           0           0           0
     0.69254           0           0           0
     0.71819           0           0           0
     0.74384           0           0           0
    0.769489           0           0           0
    0.795139           0           0           0
    0.820788           0           0           0
    0.846438           0  6.4841e-05 6.00311e-05
    0.872088           0 0.000786045 0.000306414
    0.897737   0.0155324   0.0254804  0.00292026
    0.923387     0.17364     0.17456  0.00451177
    0.949037    0.558968    0.579297  0.00405054
    0.974686     1.17201     1.21737   0.0132411
     1.00034     1.89063     1.88877   0.0130323
     1.02599     2.43319       2.373   0.0247047
     1.05164     2.55557     2.54001   0.0181653
     1.07728     2.66278     2.54367   0.0347604
     1.10293     2.36517     2.38491   0.0156902
     1.12858     2.14777     2.15644   0.0185162
     1.15423     1.99665     1.96287    0.025072
     1.17988      1.7197     1.74357   0.0272394
     1.20553     1.51053     1.55765   0.0154543
     1.23118     1.35892     1.39593   0.0143531
     1.25683     1.22444     1.26684   0.0141881
     1.28248     1.08395     1.13875   0.0146056
     1.30813    0.983357     1.01734   0.0112023
     1.33378    0.858651    0.934199   0.0154571
     1.35943    0.820497    0.872512   0.0107151
     1.38508    0.819868    0.815094  0.00715321
     1.41073    0.778022     0.77785  0.00791518
     1.43638    0.760323    0.727503  0.00915409
     1.46203    0.738377    0.712861    0.011551
     1.48768    0.736018    0.692116   0.0149903
     1.51333    0.695843    0.663853   0.0125417
     1.53898    0.694443    0.659994   0.0103215
     1.56463    0.678509    0.669232  0.00930253
     1.59028    0.690075    0.684409  0.00915842
     1.61593    0.693327     0.69746  0.00687936
     1.64158    0.729283    0.713065  0.00688346
     1.66723    0.769572    0.720076   0.0131634
     1.69288    0.813461    0.750259   0.0131871
     1.71853    0.827902    0.783528  0.00901733
     1.74418    0.825542    0.814114  0.00988281
     1.76983    0.860352    0.855427  0.00984716
     1.79547    0.899252    0.894379  0.00803217
     1.82112    0.948666     0.93204  0.00802205
     1.84677    0.981739    0.973187  0.00670179
     1.87242     1.02978      1.0148   0.0081577
     1.89807     1.04472     1.04485   0.0077414
     1.92372     1.06119     1.09433   0.0103601
     1.94937     1.07773      1.1417   0.0153652
     1.97502     1.11659     1.16948   0.0115958
     2.00067      1.1643     1.19914  0.00919861
     2.02632     1.18522     1.21178  0.00721095
     2.05197     1.19528     1.21374   0.0067435
     2.07762     1.20267     1.22669  0.00991152
     2.10327     1.20485     1.20841  0.00525561
     2.12892     1.16467     1.19286  0.00833334
     2.15457     1.16703     1.17113  0.00529509
     2.18022     1.14927     1.13637  0.00461143
     2.20587     1.13143     1.12589   0.0044337
     2.23152     1.07963     1.09866  0.00518848
     2.25717     1.04333     1.06542  0.00830372
     2.28282     1.04391     1.03608  0.00425232
     2.30847     1.03382     1.02326  0.00663118
     2.33412     0.97741    0.990006  0.00894049
     2.35977    0.960346    0.972014  0.00520555
     2.38542    0.957103     0.93367  0.00593379
     2.41107    0.947035    0.926988  0.00442913
     2.43672    0.936154    0.908927  0.00538584
     2.46237    0.896511    0.892597  0.00531641
     2.48802    0.897392    0.891328  0.00472079
     2.51366      0.8941    0.882418   0.0027185
     2.53931    0.915096    0.880326  0.00640551

           0           0           0           0
   0.0256496           0           0           0
   0.0512993           0           0           0
   0.0769489           0           0           0
    0.102599           0           0           0
    0.128248           0           0           0
    0.153898           0           0           0
    0.179547           0           0           0
    0.205197           0           0           0
    0.230847           0           0           0
    0.256496           0           0           0
    0.282146           0           0           0
    0.307796           0           0           0
    0.333445           0           0           0
    0.359095           0           0           0
    0.384745           0           0           0
    0.410394           0           0           0
    0.436044           0           0           0
    0.461694           0           0           0
    0.487343           0           0           0
    0.512993           0           0           0
    0.538642           0           0           0
    0.564292           0           0           0
    0.589942           0           0           0
    0.615591           0           0           0
    0.641241           0           0           0
    0.666891           0           0           0
     0.69254           0           0           0
     0.71819           0           0           0
     0.74384           0           0           0
    0.769489           0           0           0
    0.795139           0           0           0
    0.820788           0           0           0
    0.846438           0 5.67358e-05 5.30715e-05
    0.872088  0.00336252   0.0011081 0.000403288
    0.897737   0.0291593   0.0259402  0.00259118
    0.923387     0.17719    0.174889  0.00395976
    0.949037    0.549706    0.575599  0.00495314
    0.974686     1.22626     1.21848   0.0116325
     1.00034     1.86917     1.88632   0.0116313
     1.02599     2.37175     2.37284   0.0216171
     1.05164     2.58903     2.54614   0.0168967
     1.07728     2.60372     2.55117   0.0312153
     1.10293     2.50881     2.40039   0.0199592
     1.12858      2.2363     2.16642   0.0186996
     1.15423     1.89542     1.95444   0.0233125
     1.17988     1.70274     1.73846   0.0243078
     1.20553      1.5134     1.55212   0.0144784
     1.23118     1.38692      1.3948   0.0126031
     1.25683     1.28369     1.26895     0.01257
     1.28248     1.12076      1.1365   0.0129519
     1.30813     1.06315     1.02307   0.0111696
     1.33378    0.906175    0.930696   0.0139163
     1.35943    0.833972    0.867694   0.0104024
     1.38508    0.801542      0.8134  0.00645653
     1.41073    0.724086    0.771129  0.00935339
     1.43638    0.674677      0.7209   0.0101148
     1.46203    0.673249     0.70791   0.0111179
     1.48768    0.656596    0.687676   0.0137584
     1.51333    0.639645    0.660827   0.0113331
     1.53898    0.684443     0.66305  0.00947298
     1.56463    0.644338     0.66612  0.00864452
     1.59028    0.683089    0.684244  0.00801511
     1.61593     0.67223    0.694306  0.00670349
     1.64158    0.709622    0.712635  0.00603647
     1.66723    0.714513    0.719381   0.0115363
     1.69288    0.766332    0.752268   0.0116908
     1.71853    0.803146     0.78598  0.00821684
     1.74418    0.837515    0.817039  0.00907002
     1.76983    0.877271    0.858158  0.00898684
     1.79547    0.939912     0.90007  0.00881703
     1.82112     1.01499    0.942408   0.0119722
     1.84677     1.01387    0.978272   0.0075511
     1.87242     1.01682     1.01506  0.00714189
     1.89807     1.09317     1.05089  0.00882109
     1.92372     1.10569     1.09575  0.00916185
     1.94937     1.13667     1.14107   0.0134574
     1.97502     1.15334     1.16746   0.0103204
     2.00067     1.13915     1.19164    0.010676
     2.02632     1.17799     1.20756  0.00744456
     2.05197     1.23454     1.21634  0.00638239
     2.07762     1.23405     1.22761  0.00871517
     2.10327     1.22089     1.20997  0.00482438
     2.12892     1.19918     1.19365  0.00732894
     2.15457     1.16796     1.17074   0.0046481
     2.18022     1.15771     1.13904  0.00474403
     2.20587     1.14578     1.12838  0.00452325
     2.23152     1.10502     1.09946  0.00460035
     2.25717      1.0796      1.0672  0.00745253
     2.28282    0.994307     1.03086  0.00614058
     2.30847     0.96365     1.01581  0.00906869
     2.33412    0.948013    0.984757  0.00923618
     2.35977    0.926716    0.966351  0.00698566
     2.38542    0.928992    0.933086   0.0052208
     2.41107    0.897195    0.923264  0.00521101
     2.43672    0.900791     0.90791  0.00480768
     2.46237    0.907077    0.894407  0.00495038
     2.48802    0.893381    0.891585  0.00413766
     2.51366    0.873391     0.88129  0.00260238
     2.53931     0.87158    0.879233  0.00569736

           0           0           0           0
   0.0256496           0           0           0
   0.0512993           0           0           0
   0.0769489           0           0           0
    0.102599           0           0           0
    0.128248           0           0           0
    0.153898           0           0           0
    0.179547           0           0           0
    0.205197           0           0           0
    0.230847           0           0           0
    0.256496           0           0           0
    0.282146           0           0           0
    0.307796           0           0           0
    0.333445           0           0           0
    0.359095           0           0           0
    0.384745           0           0           0
    0.410394           0           0           0
    0.436044           0           0           0
    0.461694           0           0           0
    0.487343           0           0           0
    0.512993           0           0           0
    0.538642           0           0           0
    0.564292           0           0           0
    0.589942           0           0           0
    0.615591           0           0           0
    0.641241           0           0           0
    0.666891           0           0           0
     0.69254           0           0           0
     0.71819           0           0           0
     0.74384           0           0           0
    0.769489           0           0           0
    0.795139           0           0           0
    0.820788           0           0           0
    0.846438           0 5.04319e-05 4.75476e-05
    0.872088  0.00207865  0.00121594 0.000372618
    0.897737    0.029679   0.0263557  0.00233634
    0.923387    0.172547    0.174629  0.00352832
    0.949037    0.591362     0.57735  0.00470228
    0.974686     1.22283     1.21896     0.01035
     1.00034     1.94711     1.89308   0.0121424
     1.02599     2.38514     2.37421   0.0192583
     1.05164     2.42712     2.53291   0.0195198
     1.07728      2.4414     2.53898   0.0300355
     1.10293     2.34391     2.39412   0.0187024
     1.12858     2.26158       2.177   0.0193816
     1.15423     2.02892     1.96271   0.0221426
     1.17988     1.82891     1.74851   0.0235931
     1.20553     1.56117     1.55312   0.0129046
     1.23118     1.38791     1.39404    0.011226
     1.25683     1.25111     1.26697   0.0113284
     1.28248     1.09494     1.13189   0.0123088
     1.30813     0.97647     1.01789   0.0110637
     1.33378    0.897463    0.927004   0.0128506
     1.35943     0.86199     0.86706  0.00926591
     1.38508    0.828713    0.815102  0.00595909
     1.41073    0.813105    0.775793  0.00940534
     1.43638    0.755878    0.724786  0.00970891
     1.46203    0.745663    0.712105   0.0106445
     1.48768     0.67516    0.686286   0.0122997
     1.51333    0.687128    0.663749   0.0104439
     1.53898    0.643805    0.660912  0.00865842
     1.56463     0.63391    0.662541  0.00839225
     1.59028    0.649537    0.680388  0.00799862
     1.61593    0.661762     0.69069    0.006865
     1.64158    0.708327    0.712156  0.00538469
     1.66723    0.714173    0.718802    0.010269
     1.69288     0.77609    0.754915   0.0106872
     1.71853    0.787589    0.786159   0.0073058
     1.74418    0.805132    0.815716  0.00815816
     1.76983     0.84286    0.856458  0.00814745
     1.79547    0.889193    0.898862  0.00791976
     1.82112    0.940353    0.942179   0.0106442
     1.84677     0.98628    0.979162   0.0067643
     1.87242     1.01314     1.01484   0.0063515
     1.89807     1.06096     1.05201  0.00791161
     1.92372     1.12406      1.0989   0.0086671
     1.94937     1.16383      1.1436   0.0121974
     1.97502      1.1934     1.17035  0.00956745
     2.00067     1.24928     1.19804   0.0112476
     2.02632      1.2287      1.2099  0.00697816
     2.05197     1.18567     1.21293   0.0065197
     2.07762     1.21471     1.22617  0.00786376
     2.10327     1.21637     1.21068  0.00434046
     2.12892     1.16953     1.19097  0.00698739
     2.15457     1.15339     1.16881  0.00451359
     2.18022     1.12466     1.13744   0.0044779
     2.20587     1.11844     1.12727  0.00415318
     2.23152     1.09454     1.09891  0.00412146
     2.25717     1.07021     1.06753  0.00663199
     2.28282     1.04303     1.03221  0.00560513
     2.30847    0.998391     1.01387  0.00826489
     2.33412    0.964198    0.982472  0.00848773
     2.35977    0.922055     0.96143  0.00775177
     2.38542    0.918479    0.931463  0.00488648
     2.41107    0.904171    0.921143   0.0050454
     2.43672    0.896298     0.90662  0.00444324
     2.46237    0.902833    0.895343    0.004488
     2.48802    0.925755    0.895381  0.00513227
     2.51366    0.909258    0.884397  0.00373301
     2.53931     0.87921     0.87923  0.00506432

           0           0           0           0
   0.0256496           0           0           0
   0.0512993           0           0           0
   0.0769489           0           0           0
    0.102599           0           0           0
    0.128248           0           0           0
    0.153898           0           0           0
    0.179547           0           0           0
    0.205197           0           0           0
    0.230847           0           0           0
    0.256496           0           0           0
    0.282146           0           0           0
    0.307796           0           0           0
    0.333445           0           0           0
    0.359095           0           0           0
    0.384745           0           0           0
    0.410394           0           0           0
    0.436044           0           0           0
    0.461694           0           0           0
    0.487343           0           0           0
    0.512993           0           0           0
    0.538642           0           0           0
    0.564292           0           0           0
    0.589942           0           0           0
    0.615591           0           0           0
    0.641241           0           0           0
    0.666891           0           0           0
     0.69254           0           0           0
     0.71819           0           0           0
     0.74384           0           0           0
    0.769489           0           0           0
    0.795139           0           0           0
    0.820788           0           0           0
    0.846438           0 4.53887e-05 4.30595e-05
    0.872088   0.0029957  0.00139392 0.000375462
    0.897737   0.0301409   0.0267342  0.00213315
    0.923387    0.155833    0.172749  0.00364187
    0.949037    0.567972    0.576412  0.00432455
    0.974686     1.25655     1.22272  0.00997427
     1.00034     1.82472     1.88624   0.0127072
     1.02599     2.25063     2.36185   0.0209252
     1.05164     2.47943     2.52756   0.0182858
     1.07728     2.47935     2.53301   0.0276175
     1.10293     2.32564     2.38727   0.0180423
     1.12858     2.19205      2.1785   0.0175018
     1.15423     1.98157      1.9646   0.0200085
     1.17988       1.783     1.75196   0.0214845
     1.20553     1.56826     1.55464   0.0117026
     1.23118     1.41538     1.39617   0.0103043
     1.25683     1.28892     1.26916   0.0104061
     1.28248     1.23413     1.14211   0.0147243
     1.30813     1.08197      1.0243   0.0116661
     1.33378     0.97688    0.931991    0.012496
     1.35943    0.860413    0.866396  0.00836313
     1.38508    0.804115    0.814003  0.00546353
     1.41073    0.774643    0.775678  0.00846551
     1.43638    0.777716    0.730079   0.0100781
     1.46203    0.717732    0.712667  0.00959493
     1.48768    0.694786    0.687136   0.0110991
     1.51333    0.706882    0.668063   0.0102515
     1.53898    0.652076    0.660028  0.00783753
     1.56463    0.676065    0.663894  0.00766121
     1.59028    0.667049    0.679054  0.00730913
     1.61593    0.683149    0.689936  0.00621979
     1.64158    0.676491     0.70859  0.00591046
     1.66723    0.707558    0.717678  0.00930345
     1.69288    0.731149    0.752538  0.00987922
     1.71853    0.758329    0.783376  0.00708549
     1.74418    0.810498    0.815194  0.00735901
     1.76983    0.862491    0.857061  0.00735501
     1.79547    0.900131    0.898989   0.0071288
     1.82112    0.911726    0.939134   0.0100059
     1.84677     1.00073    0.981319  0.00642264
     1.87242     1.00956     1.01431  0.00573827
     1.89807     1.04937     1.05174  0.00712485
     1.92372       1.099     1.09891  0.00780039
     1.94937     1.09408     1.13865   0.0119405
     1.97502      1.1264     1.16595  0.00956708
     2.00067     1.16787     1.19503   0.0105197
     2.02632     1.21375     1.21029  0.00629094
     2.05197      1.2393     1.21557  0.00637891
     2.07762      1.2131     1.22487  0.00718527
     2.10327      1.2373     1.21334  0.00465136
     2.12892     1.23841     1.19572  0.00773308
     2.15457     1.17843     1.16977  0.00416354
     2.18022     1.14833     1.13853  0.00416043
     2.20587     1.10666     1.12521  0.00421834
     2.23152     1.07165     1.09618  0.00452208
     2.25717      1.0631     1.06709  0.00598356
     2.28282     1.05428     1.03442  0.00546158
     2.30847     1.04922     1.01741  0.00815957
     2.33412     1.00169    0.984394  0.00785343
     2.35977     0.98871    0.964158  0.00744118
     2.38542    0.949262    0.933243  0.00471086
     2.41107    0.938364    0.922865  0.00482583
     2.43672    0.908219     0.90678  0.00400179
     2.46237    0.899278    0.895737   0.0040564
     2.48802    0.897293    0.895572   0.0046226
     2.51366    0.905418    0.886499  0.00390698
     2.53931    0.896175    0.880925  0.00483306

           0           0           0           0
   0.0256496           0           0           0
   0.0512993           0           0           0
   0.0769489           0           0           0
    0.102599           0           0           0
    0.128248           0           0           0
    0.153898           0           0           0
    0.179547           0           0           0
    0.205197           0           0           0
    0.230847           0           0           0
    0.256496           0           0           0
    0.282146           0           0           0
    0.307796           0           0           0
    0.333445           0           0           0
    0.359095           0           0           0
    0.384745           0           0           0
    0.410394           0           0           0
    0.436044           0           0           0
    0.461694           0           0           0
    0.487343           0           0           0
    0.512993           0           0           0
    0.538642           0           0           0
    0.564292           0           0           0
    0.589942           0           0           0
    0.615591           0           0           0
    0.641241           0           0           0
    0.666891           0           0           0
     0.69254           0           0           0
     0.71819           0           0           0
     0.74384           0           0           0
    0.769489           0           0           0
    0.795139           0           0           0
    0.820788           0           0           0
    0.846438           0 4.12624e-05 3.93422e-05
    0.872088 0.000733642  0.00133389 0.000346094
    0.897737   0.0218262    0.026288  0.00198534
    0.923387    0.166047     0.17214  0.00336137
    0.949037    0.545825    0.573632  0.00474186
    0.974686     1.20682     1.22128  0.00917167
     1.00034     1.83219     1.88133   0.0124661
     1.02599     2.34517     2.36034   0.0190778
     1.05164     2.54399     2.52906   0.0166843
     1.07728     2.49389     2.52946   0.0253347
     1.10293     2.43005     2.39116    0.016816
     1.12858     2.33996     2.19318   0.0211899
     1.15423     1.99071     1.96697   0.0183298
     1.17988     1.64879     1.74258   0.0214813
     1.20553      1.4906     1.54881   0.0119997
     1.23118     1.38051     1.39475  0.00946535
     1.25683      1.2921     1.27125  0.00966678
     1.28248     1.17495      1.1451    0.013685
     1.30813     1.03735     1.02549   0.0106658
     1.33378    0.944485    0.933127   0.0114115
     1.35943    0.869744      0.8667  0.00760838
     1.38508    0.783633    0.811242  0.00562132
     1.41073    0.777502    0.775844  0.00769754
     1.43638    0.712177    0.728452  0.00929236
     1.46203    0.691672    0.710759  0.00891049
     1.48768    0.676521    0.686171    0.010132
     1.51333    0.635636    0.665115  0.00973417
     1.53898    0.664044    0.660394  0.00713353
     1.56463    0.671082    0.664547  0.00699255
     1.59028    0.681673    0.679292  0.00664854
     1.61593    0.723051    0.692947  0.00634119
     1.64158    0.729108    0.710455  0.00565983
     1.66723    0.714665    0.717404  0.00846171
     1.69288    0.749004    0.752217  0.00898633
     1.71853     0.79072    0.784043  0.00647273
     1.74418    0.853814    0.818705   0.0074808
     1.76983    0.894702    0.860483  0.00743991
     1.79547    0.883893    0.897616  0.00661149
     1.82112     0.94784    0.939926  0.00912752
     1.84677    0.989353     0.98205  0.00588014
     1.87242     1.04576     1.01717  0.00588562
     1.89807     1.06693     1.05312  0.00660967
     1.92372     1.08215     1.09738  0.00723849
     1.94937     1.10433     1.13553   0.0112552
     1.97502     1.14148     1.16373  0.00895225
     2.00067     1.17139     1.19288  0.00978035
     2.02632      1.1706     1.20668  0.00667416
     2.05197     1.22173     1.21613  0.00582355
     2.07762     1.18069     1.22085  0.00757163
     2.10327      1.2126     1.21328    0.004229
     2.12892     1.21463     1.19744  0.00721877
     2.15457     1.15598     1.16852  0.00396935
     2.18022     1.15543     1.14007  0.00405596
     2.20587     1.12057     1.12479  0.00385589
     2.23152     1.06537     1.09338  0.00490231
     2.25717     1.05232     1.06574  0.00558811
     2.28282     1.03313      1.0343  0.00496634
     2.30847     1.00426     1.01621  0.00750474
     2.33412    0.998288    0.985657  0.00724035
     2.35977    0.955311    0.963353  0.00680803
     2.38542    0.939056    0.933771  0.00431214
     2.41107    0.936873    0.924138  0.00455204
     2.43672    0.909807    0.907055  0.00364745
     2.46237    0.913665    0.897367  0.00400168
     2.48802    0.903478    0.896291  0.00425787
     2.51366    0.889007    0.886727  0.00355845
     2.53931    0.923027    0.884752  0.00571157

           0           0           0           0
   0.0256496           0           0           0
   0.0512993           0           0           0
   0.0769489           0           0           0
    0.102599           0           0           0
    0.128248           0           0           0
    0.153898           0           0           0
    0.179547           0           0           0
    0.205197           0           0           0
    0.230847           0           0           0
    0.256496           0           0           0
    0.282146           0           0           0
    0.307796           0           0           0
    0.333445           0           0           0
    0.359095           0           0           0
    0.384745           0           0           0
    0.410394           0           0           0
    0.436044           0           0           0
    0.461694           0           0           0
    0.487343           0           0           0
    0.512993           0           0           0
    0.538642           0           0           0
    0.564292           0           0           0
    0.589942           0           0           0
    0.615591           0           0           0
    0.641241           0           0           0
    0.666891           0           0           0
     0.69254           0           0           0
     0.71819           0           0           0
     0.74384           0           0           0
    0.769489           0           0           0
    0.795139           0           0           0
    0.820788           0           0           0
    0.846438           0 3.78239e-05 3.62136e-05
    0.872088 0.000305684  0.00124821 0.000327688
    0.897737   0.0244245   0.0261327  0.00182596
    0.923387    0.185547    0.173257  0.00326165
    0.949037    0.573871    0.573652  0.00434674
    0.974686     1.19543     1.21912  0.00865656
     1.00034     1.77645     1.87259   0.0141632
     1.02599     2.29894     2.35522    0.018161
     1.05164     2.57353     2.53276   0.0157001
     1.07728     2.54812     2.53101   0.0232712
     1.10293     2.34794     2.38756   0.0157956
     1.12858     2.23075     2.19631    0.019654
     1.15423     1.98924     1.96883    0.016896
     1.17988     1.73804      1.7422   0.0196946
     1.20553     1.63293     1.55582   0.0128854
     1.23118     1.43048     1.39773  0.00913286
     1.25683     1.29926     1.27358  0.00913866
     1.28248      1.1043      1.1417     0.01296
     1.30813     1.03033     1.02589   0.0097846
     1.33378    0.964999    0.935783   0.0107652
     1.35943    0.862371    0.866339   0.0069829
     1.38508    0.769251    0.807743  0.00614625
     1.41073    0.708517    0.770233  0.00886814
     1.43638    0.699252    0.726018  0.00883085
     1.46203    0.707607    0.710496  0.00817182
     1.48768    0.718283    0.688847  0.00963456
     1.51333    0.692698    0.667414  0.00919038
     1.53898    0.674025    0.661529   0.0066289
     1.56463    0.687051    0.666423  0.00665657
     1.59028    0.713642    0.682155  0.00668234
     1.61593    0.691126    0.692795  0.00581458
     1.64158    0.696223    0.709269  0.00531099
     1.66723    0.710544    0.716832  0.00777586
     1.69288    0.747572     0.75183   0.0082458
     1.71853    0.791582    0.784672  0.00596375
     1.74418     0.83601    0.820147  0.00699502
     1.76983    0.848284    0.859467  0.00688903
     1.79547    0.909238    0.898585  0.00613105
     1.82112    0.928267    0.938954  0.00841844
     1.84677    0.932853     0.97795   0.0066679
     1.87242    0.983334     1.01435  0.00603301
     1.89807      1.0157        1.05  0.00675477
     1.92372     1.07865     1.09582  0.00680152
     1.94937     1.14039     1.13593   0.0103246
     1.97502     1.16435     1.16378  0.00820639
     2.00067     1.17013     1.19098  0.00914721
     2.02632     1.20469     1.20651  0.00612004
     2.05197     1.20783     1.21544  0.00537918
     2.07762     1.24569     1.22292  0.00721812
     2.10327     1.20213     1.21235  0.00397726
     2.12892     1.20282     1.19788  0.00663113
     2.15457     1.20198     1.17131  0.00451274
     2.18022     1.16383     1.14205  0.00417354
     2.20587     1.13698     1.12581  0.00366592
     2.23152     1.10987     1.09476  0.00468225
     2.25717     1.06628     1.06579  0.00512261
     2.28282     1.05619     1.03613  0.00487601
     2.30847     1.04676     1.01876  0.00729843
     2.33412     1.00651    0.987395  0.00684236
     2.35977    0.984509    0.965116  0.00646493
     2.38542    0.944142    0.934635  0.00403848
     2.41107    0.931739    0.924772  0.00421654
     2.43672    0.900431    0.906503    0.003385
     2.46237    0.882148    0.896098  0.00386395
     2.48802    0.867851    0.893921  0.00451473
     2.51366    0.891445     0.88712  0.00328355
     2.53931    0.874917    0.883933  0.00529409

           0           0           0           0
   0.0256496           0           0           0
   0.0512993           0           0           0
   0.0769489           0           0           0
    0.102599           0           0           0
    0.128248           0           0           0
    0.153898           0           0           0
    0.179547           0           0           0
    0.205197           0           0           0
    0.230847           0           0           0
    0.256496           0           0           0
    0.282146           0           0           0
    0.307796           0           0           0
    0.333445           0           0           0
    0.359095           0           0           0
    0.384745           0           0           0
    0.410394           0           0           0
    0.436044           0           0           0
    0.461694           0           0           0
    0.487343           0           0           0
    0.512993           0           0           0
    0.538642           0           0           0
    0.564292           0           0           0
    0.589942           0           0           0
    0.615591           0           0           0
    0.641241           0           0           0
    0.666891           0           0           0
     0.69254           0           0           0
     0.71819           0           0           0
     0.74384           0           0           0
    0.769489           0           0           0
    0.795139           0           0           0
    0.820788           0           0           0
    0.846438           0 3.49144e-05 3.35446e-05
    0.872088  0.00122274  0.00124625 0.000302487
    0.897737   0.0389176   0.0271162  0.00193227
    0.923387    0.180467    0.173812  0.00305754
    0.949037    0.569525    0.573334  0.00402395
    0.974686     1.38881     1.23218   0.0148702
     1.00034      1.9152     1.87587   0.0134478
     1.02599     2.37707      2.3569   0.0168416
     1.05164     2.62803     2.54009   0.0161123
     1.07728     2.51001      2.5294   0.0215371
     1.10293     2.36417     2.38576   0.0146826
     1.12858     2.16137     2.19362    0.018325
     1.15423     1.85633     1.96017   0.0176739
     1.17988      1.6636     1.73616   0.0190853
     1.20553     1.56562     1.55658   0.0119162
     1.23118     1.40523      1.3983  0.00844857
     1.25683     1.22088     1.26953  0.00929146
     1.28248     1.06997     1.13618    0.013085
     1.30813       1.017     1.02521  0.00905583
     1.33378    0.908155    0.933658   0.0101447
     1.35943     0.83476     0.86391  0.00685526
     1.38508    0.807569    0.807729  0.00567348
     1.41073    0.782487    0.771176  0.00823591
     1.43638    0.732397    0.726509  0.00816517
     1.46203    0.700828    0.709752  0.00757698
     1.48768    0.702548    0.689901   0.0089509
     1.51333    0.675535    0.668038  0.00850463
     1.53898     0.67824    0.662815  0.00624237
     1.56463    0.660115    0.665937  0.00616218
     1.59028    0.661852    0.680593   0.0063482
     1.61593    0.679395    0.691764   0.0054579
     1.64158    0.726204    0.710572   0.0050597
     1.66723    0.743823    0.718908  0.00744974
     1.69288     0.77033    0.753253  0.00773334
     1.71853    0.840121    0.788937  0.00686283
     1.74418    0.859878    0.823203  0.00709325
     1.76983    0.899372    0.862536  0.00700972
     1.79547    0.948169    0.902399  0.00674227
     1.82112    0.982872    0.942332  0.00842148
     1.84677     1.00623    0.980125  0.00650017
     1.87242     1.04432     1.01666  0.00599303
     1.89807     1.07691     1.05207  0.00654465
     1.92372     1.07725     1.09439  0.00642666
     1.94937     1.15575     1.13746  0.00964223
     1.97502     1.18201     1.16518    0.007694
     2.00067     1.18835     1.19078  0.00844582
     2.02632     1.19147     1.20536  0.00575763
     2.05197     1.17268     1.21215  0.00588569
     2.07762     1.15149     1.21743  0.00850061
     2.10327     1.16436     1.20866  0.00510473
     2.12892     1.15804     1.19482  0.00679247
     2.15457     1.17044     1.17124   0.0041661
     2.18022     1.09075      1.1381  0.00540487
     2.20587     1.07092     1.12158  0.00528249
     2.23152     1.05344     1.09158  0.00529174
     2.25717     1.04205     1.06396  0.00504364
     2.28282     1.01742     1.03469  0.00470851
     2.30847    0.976898     1.01554  0.00741335
     2.33412    0.954584    0.984871  0.00676552
     2.35977    0.963875    0.965021  0.00596833
     2.38542    0.938748    0.934952   0.0037402
     2.41107    0.937419    0.925744  0.00400285
     2.43672    0.931303    0.908411  0.00362251
     2.46237    0.915845    0.897617  0.00385374
     2.48802    0.897216    0.894175  0.00417455
     2.51366    0.909791    0.888864  0.00346323
     2.53931    0.926504    0.887207  0.00581205

           0           0           0           0
   0.0256496           0           0           0
   0.0512993           0           0           0
   0.0769489           0           0           0
    0.102599           0           0           0
    0.128248           0           0           0
    0.153898           0           0           0
    0.179547           0           0           0
    0.205197           0           0           0
    0.230847           0           0           0
    0.256496           0           0           0
    0.282146           0           0           0
    0.307796           0           0           0
    0.333445           0           0           0
    0.359095           0           0           0
    0.384745           0           0           0
    0.410394           0           0           0
    0.436044           0           0           0
    0.461694           0           0           0
    0.487343           0           0           0
    0.512993           0           0           0
    0.538642           0           0           0
    0.564292           0           0           0
    0.589942           0           0           0
    0.615591           0           0           0
    0.641241           0           0           0
    0.666891           0           0           0
     0.69254           0           0           0
     0.71819           0           0           0
     0.74384           0           0           0
    0.769489           0           0           0
    0.795139           0           0           0
    0.820788           0           0           0
    0.846438           0 3.24205e-05 3.12412e-05
    0.872088 0.000855915  0.00121837 0.000282162
    0.897737   0.0239626   0.0268909  0.00180734
    0.923387    0.159711    0.172805  0.00300045
    0.949037    0.583496     0.57406  0.00380144
    0.974686     1.29107     1.23638   0.0143907
     1.00034     1.90429      1.8779   0.0126396
     1.02599      2.3973     2.35979   0.0158839
     1.05164     2.55954     2.54148   0.0150211
     1.07728      2.5254     2.52911   0.0200007
     1.10293     2.32933     2.38173   0.0141763
     1.12858     2.16482     2.19157   0.0171312
     1.15423     1.93328     1.95825   0.0165156
     1.17988     1.73289     1.73592   0.0177235
     1.20553     1.53559     1.55508    0.011159
     1.23118     1.40189     1.39856  0.00784898
     1.25683     1.28043      1.2703  0.00866034
     1.28248     1.13648      1.1362   0.0121503
     1.30813     1.05052     1.02701  0.00858766
     1.33378    0.938016    0.933969  0.00942488
     1.35943    0.871549    0.864456  0.00638728
     1.38508     0.81879    0.808519  0.00532295
     1.41073    0.728385    0.768119  0.00819518
     1.43638    0.747853    0.728034  0.00772297
     1.46203    0.689955    0.708338  0.00716651
     1.48768    0.702357     0.69079  0.00835565
     1.51333    0.689595    0.669578  0.00803533
     1.53898    0.677504    0.663864    0.005884
     1.56463     0.66227    0.665675  0.00572759
     1.59028    0.646221    0.678138  0.00635179
     1.61593    0.678312    0.690803  0.00515194
     1.64158    0.654679    0.706579  0.00607242
     1.66723    0.710035    0.718275  0.00694453
     1.69288    0.762678    0.753926   0.0072102
     1.71853    0.782254     0.78846   0.0063892
     1.74418    0.818252     0.82285   0.0065954
     1.76983    0.849052    0.861573  0.00657486
     1.79547    0.881111    0.900878  0.00642986
     1.82112    0.954303    0.943187  0.00786323
     1.84677    0.989187    0.980773  0.00606801
     1.87242     1.02811     1.01748  0.00562051
     1.89807     1.06648      1.0531   0.0061575
     1.92372     1.13029     1.09696  0.00645893
     1.94937     1.18694     1.14099   0.0095793
     1.97502     1.23813     1.17039  0.00873237
     2.00067     1.24727     1.19482  0.00875343
     2.02632     1.23122      1.2072   0.0056349
     2.05197     1.22542      1.2131  0.00554116
     2.07762     1.20412     1.21648  0.00794642
     2.10327     1.15375     1.20473  0.00606225
     2.12892     1.14885     1.19154  0.00705655
     2.15457     1.14155     1.16912  0.00437518
     2.18022     1.11594     1.13652  0.00524552
     2.20587     1.09659      1.1198  0.00519816
     2.23152     1.08629      1.0912  0.00492721
     2.25717     1.04832     1.06285  0.00480558
     2.28282     1.03995     1.03506  0.00438716
     2.30847    0.994668     1.01405  0.00703209
     2.33412    0.968092    0.983672  0.00638754
     2.35977    0.950242    0.963965  0.00563461
     2.38542    0.936884     0.93509  0.00347559
     2.41107    0.921064     0.92541  0.00373087
     2.43672    0.913876    0.908801  0.00338473
     2.46237    0.901474    0.897893   0.0035883
     2.48802    0.886177    0.893603  0.00391526
     2.51366    0.890702    0.888996  0.00321835
     2.53931    0.889817    0.887394  0.00539989

           0           0           0           0
   0.0256496           0           0           0
   0.0512993           0           0           0
   0.0769489           0           0           0
    0.102599           0           0           0
    0.128248           0           0           0
    0.153898           0           0           0
    0.179547           0           0           0
    0.205197           0           0           0
    0.230847           0           0           0
    0.256496           0           0           0
    0.282146           0           0           0
    0.307796           0           0           0
    0.333445           0           0           0
    0.359095           0           0           0
    0.384745           0           0           0
    0.410394           0           0           0
    0.436044           0           0           0
    0.461694           0           0           0
    0.487343           0           0           0
    0.512993           0           0           0
    0.538642           0           0           0
    0.564292           0           0           0
    0.589942           0           0           0
    0.615591           0           0           0
    0.641241           0           0           0
    0.666891           0           0           0
     0.69254           0           0           0
     0.71819           0           0           0
     0.74384           0           0           0
    0.769489           0           0           0
    0.795139           0           0           0
    0.820788           0           0           0
    0.846438           0 3.02591e-05 2.92331e-05
    0.872088  0.00189524  0.00126349 0.000266936
    0.897737   0.0352799   0.0274502  0.00177126
    0.923387    0.192812    0.174139  0.00308265
    0.949037    0.569525    0.573758  0.00356001
    0.974686     1.22994     1.23595   0.0134377
     1.00034     1.85178     1.87616   0.0119163
     1.02599     2.33821     2.35835     0.01489
     1.05164     2.50803     2.53925   0.0141843
     1.07728     2.56392     2.53143   0.0188014
     1.10293     2.33637      2.3787   0.0135499
     1.12858     2.26485     2.19645   0.0166712
     1.15423     2.05029     1.96439   0.0165151
     1.17988      1.8278     1.74205   0.0175684
     1.20553      1.6019      1.5582   0.0108429
     1.23118     1.36582     1.39638  0.00762316
     1.25683      1.2507       1.269  0.00818104
     1.28248     1.13223     1.13594   0.0113432
     1.30813     1.04043     1.02791  0.00806157
     1.33378    0.919535    0.933007  0.00884554
     1.35943    0.855252    0.863842  0.00599086
     1.38508    0.798455    0.807848   0.0050102
     1.41073    0.763421    0.767806  0.00765482
     1.43638    0.767367    0.730656  0.00764031
     1.46203    0.737123    0.710257  0.00694091
     1.48768    0.698827    0.691326  0.00781576
     1.51333     0.64429    0.667892  0.00767446
     1.53898    0.601537    0.659709  0.00680246
     1.56463    0.609859    0.661954  0.00644208
     1.59028    0.596928    0.672724  0.00790585
     1.61593     0.64034    0.687439  0.00580386
     1.64158    0.693791    0.705727  0.00572713
     1.66723    0.721162    0.718467  0.00648423
     1.69288    0.758515    0.754232  0.00673601
     1.71853    0.760724    0.786611  0.00622506
     1.74418    0.805271    0.821678  0.00625896
     1.76983    0.861542    0.861571  0.00613654
     1.79547    0.937144    0.903296  0.00643973
     1.82112    0.962687    0.944487   0.0074457
     1.84677      1.0172    0.983201  0.00613009
     1.87242     1.04841     1.01954  0.00561142
     1.89807     1.07656     1.05467  0.00594225
     1.92372     1.11749     1.09833  0.00617163
     1.94937      1.1192     1.13954  0.00905015
     1.97502     1.15647     1.16946   0.0081994
     2.00067      1.1883     1.19438  0.00818063
     2.02632     1.20943     1.20735   0.0052612
     2.05197     1.21336     1.21311  0.00517178
     2.07762     1.21779     1.21656  0.00741714
     2.10327     1.21247     1.20525  0.00567999
     2.12892     1.19345     1.19166  0.00658726
     2.15457     1.19551     1.17088  0.00442322
     2.18022     1.15586     1.13781  0.00505178
     2.20587     1.13593     1.12087  0.00496161
     2.23152     1.08624     1.09087  0.00460983
     2.25717     1.07114      1.0634  0.00451689
     2.28282     1.05989     1.03672  0.00439582
     2.30847     1.01278     1.01396   0.0065638
     2.33412     1.00987    0.985418   0.0061958
     2.35977    0.977416    0.964862  0.00532984
     2.38542    0.923407    0.934311  0.00333001
     2.41107    0.937191    0.926196  0.00356385
     2.43672    0.890665    0.907592  0.00336812
     2.46237    0.895433    0.897729  0.00335282
     2.48802    0.891031    0.893432    0.003658
     2.51366    0.851676    0.886508  0.00384707
     2.53931    0.848911    0.884828  0.00561638

           0           0           0           0
   0.0256496           0           0           0
   0.0512993           0           0           0
   0.0769489           0           0           0
    0.102599           0           0           0
    0.128248           0           0           0
    0.153898           0           0           0
    0.179547           0           0           0
    0.205197           0           0           0
    0.230847           0           0           0
    0.256496           0           0           0
    0.282146           0           0           0
    0.307796           0           0           0
    0.333445           0           0           0
    0.359095           0           0           0
    0.384745           0           0           0
    0.410394           0           0           0
    0.436044           0           0           0
    0.461694           0           0           0
    0.487343           0           0           0
    0.512993           0           0           0
    0.538642           0           0           0
    0.564292           0           0           0
    0.589942           0           0           0
    0.615591           0           0           0
    0.641241           0           0           0
    0.666891           0           0           0
     0.69254           0           0           0
     0.71819           0           0           0
     0.74384           0           0           0
    0.769489           0           0           0
    0.795139           0           0           0
    0.820788           0           0           0
    0.846438           0 2.83679e-05 2.74671e-05
    0.872088  0.00165069  0.00128769 0.000251347
    0.897737   0.0273693   0.0274451  0.00166057
    0.923387    0.173148    0.174077  0.00289061
    0.949037    0.614234    0.576287  0.00413989
    0.974686     1.25361     1.23706   0.0126431
     1.00034     1.86427     1.87541   0.0111946
     1.02599     2.35728     2.35828   0.0139596
     1.05164      2.5156     2.53777   0.0133746
     1.07728     2.57451     2.53412    0.017818
     1.10293     2.50739     2.38675   0.0148999
     1.12858     2.28275     2.20184   0.0164786
     1.15423     2.03823       1.969   0.0161149
     1.17988     1.65202     1.73642   0.0173481
     1.20553     1.49553     1.55428   0.0108496
     1.23118     1.29173     1.38984  0.00954891
     1.25683     1.19106     1.26413  0.00900383
     1.28248     1.10344      1.1339   0.0108145
     1.30813     1.00432     1.02643  0.00769135
     1.33378    0.914914    0.931876  0.00836466
     1.35943    0.869134    0.864173  0.00562555
     1.38508    0.804825    0.807659  0.00470062
     1.41073    0.775305    0.768275  0.00719073
     1.43638    0.756106    0.732246   0.0073265
     1.46203    0.724797    0.711166  0.00656632
     1.48768    0.679093    0.690562  0.00736458
     1.51333    0.681701    0.668755  0.00724317
     1.53898    0.664561    0.660012  0.00638406
     1.56463    0.652226    0.661346  0.00606807
     1.59028    0.660547    0.671963  0.00744828
     1.61593    0.667863    0.686216   0.0055686
     1.64158    0.683086    0.704312  0.00554124
     1.66723    0.688018    0.716564   0.0063521
     1.69288    0.753463    0.754184  0.00631518
     1.71853    0.844625    0.790236  0.00681059
     1.74418    0.843377    0.823034  0.00601291
     1.76983    0.892472    0.863502  0.00604929
     1.79547     0.94959     0.90619  0.00665557
     1.82112    0.968168    0.945967  0.00712592
     1.84677     1.00552    0.984596   0.0059036
     1.87242     1.02195     1.01969  0.00526273
     1.89807     1.07529     1.05595  0.00570891
     1.92372     1.06576     1.09629  0.00611238
     1.94937     1.12267     1.13849  0.00854569
     1.97502     1.16532      1.1692  0.00769102
     2.00067     1.17939     1.19344  0.00772282
     2.02632     1.20185     1.20701  0.00494362
     2.05197     1.22898      1.2141  0.00494275
     2.07762     1.23056     1.21744  0.00700499
     2.10327     1.20792     1.20542  0.00532744
     2.12892     1.17663     1.19072  0.00624219
     2.15457     1.19737     1.17253  0.00444584
     2.18022     1.16627     1.13958  0.00503953
     2.20587     1.13795     1.12194  0.00476494
     2.23152     1.10496     1.09175  0.00440504
     2.25717     1.07583     1.06418   0.0043009
     2.28282       1.026     1.03605  0.00417187
     2.30847    0.986832     1.01227  0.00636881
     2.33412    0.957748    0.983689  0.00604511
     2.35977     0.93489    0.962989  0.00531574
     2.38542    0.927519    0.933886  0.00314882
     2.41107    0.913004    0.925371  0.00343514
     2.43672    0.883077     0.90606  0.00348876
     2.46237    0.866675    0.895788  0.00366221
     2.48802    0.856697    0.891136  0.00408686
     2.51366    0.871028     0.88554   0.0037263
     2.53931    0.887685    0.885007  0.00526819

           0           0           0           0
   0.0256496           0           0           0
   0.0512993           0           0           0
   0.0769489           0           0           0
    0.102599           0           0           0
    0.128248           0           0           0
    0.153898           0           0           0
    0.179547           0           0           0
    0.205197           0           0           0
    0.230847           0           0           0
    0.256496           0           0           0
    0.282146           0           0           0
    0.307796           0           0           0
    0.333445           0           0           0
    0.359095           0           0           0
    0.384745           0           0           0
    0.410394           0           0           0
    0.436044           0           0           0
    0.461694           0           0           0
    0.487343           0           0           0
    0.512993           0           0           0
    0.538642           0           0           0
    0.564292           0           0           0
    0.589942           0           0           0
    0.615591           0           0           0
    0.641241           0           0           0
    0.666891           0           0           0
     0.69254           0           0           0
     0.71819           0           0           0
     0.74384           0           0           0
    0.769489           0           0           0
    0.795139           0           0           0
    0.820788           0           0           0
    0.846438           0 2.66992e-05  2.5902e-05
    0.872088  0.00171183  0.00131264 0.000237797
    0.897737   0.0230387   0.0271859  0.00158299
    0.923387     0.15485    0.172946  0.00293349
    0.949037    0.547118    0.574572  0.00423705
    0.974686     1.26976     1.23898   0.0120448
     1.00034     1.90215     1.87699    0.010646
     1.02599     2.30067     2.35489   0.0135435
     1.05164      2.5071     2.53597   0.0127089
     1.07728     2.48463     2.53121   0.0170061
     1.10293     2.41001     2.38812   0.0140862
     1.12858     2.17081     2.20002   0.0156101
     1.15423     1.93264     1.96686   0.0153083
     1.17988     1.74847     1.73713   0.0163421
     1.20553     1.59377     1.55661   0.0104571
     1.23118     1.46117     1.39403  0.00986609
     1.25683     1.30888     1.26676  0.00885065
     1.28248     1.16296     1.13561   0.0103126
     1.30813     1.04002     1.02723  0.00728029
     1.33378    0.954597    0.933213  0.00797868
     1.35943    0.876863    0.864919  0.00534393
     1.38508    0.798235    0.807105  0.00445669
     1.41073    0.739347    0.766573  0.00696617
     1.43638    0.719746    0.731511  0.00693233
     1.46203    0.658942    0.708094  0.00686113
     1.48768     0.65481    0.688458  0.00722541
     1.51333    0.677837    0.669289  0.00683677
     1.53898    0.666371    0.660386  0.00601948
     1.56463    0.644011    0.660327  0.00579617
     1.59028    0.639403    0.670047  0.00725221
     1.61593    0.697099    0.686856  0.00527771
     1.64158    0.717388    0.705081   0.0052684
     1.66723    0.748098    0.718419  0.00624341
     1.69288    0.748428    0.753846  0.00595277
     1.71853    0.800878    0.790862  0.00643867
     1.74418    0.837344    0.823876  0.00571782
     1.76983    0.884562    0.864741  0.00581892
     1.79547    0.938433    0.908086  0.00652872
     1.82112     0.95073    0.946248  0.00671225
     1.84677    0.995957    0.985264  0.00559403
     1.87242     1.02594     1.02006    0.004966
     1.89807     1.06798     1.05666  0.00541677
     1.92372     1.10388     1.09674   0.0057691
     1.94937     1.13538      1.1383  0.00804496
     1.97502     1.14297     1.16766  0.00739181
     2.00067      1.1469     1.19071  0.00773864
     2.02632     1.20725     1.20702  0.00465284
     2.05197     1.20298     1.21345  0.00469516
     2.07762     1.19559     1.21615  0.00670978
     2.10327      1.1931     1.20469  0.00506311
     2.12892     1.18313     1.19028  0.00589095
     2.15457     1.17435     1.17264   0.0041856
     2.18022     1.14398     1.13984  0.00474972
     2.20587      1.1436     1.12322   0.0046519
     2.23152     1.09156     1.09174  0.00414593
     2.25717     1.05713     1.06376  0.00406784
     2.28282     1.03802     1.03617  0.00392808
     2.30847      1.0133     1.01233  0.00599447
     2.33412    0.988466     0.98397  0.00569604
     2.35977    0.949774    0.962211  0.00505957
     2.38542    0.949153    0.934784  0.00308901
     2.41107    0.920567    0.925088  0.00324468
     2.43672    0.915528    0.906617   0.0033277
     2.46237     0.93578     0.89814  0.00413388
     2.48802    0.909426    0.892212  0.00398556
     2.51366    0.896717    0.886198  0.00356464
     2.53931    0.886539    0.885097  0.00495907

           0           0           0           0
   0.0256496           0           0           0
   0.0512993           0           0           0
   0.0769489           0           0           0
    0.102599           0           0           0
    0.128248           0           0           0
    0.153898           0           0           0
    0.179547           0           0           0
    0.205197           0           0           0
    0.230847           0           0           0
    0.256496           0           0           0
    0.282146           0           0           0
    0.307796           0           0           0
    0.333445           0           0           0
    0.359095           0           0           0
    0.384745           0           0           0
    0.410394           0           0           0
    0.436044           0           0           0
    0.461694           0           0           0
    0.487343           0           0           0
    0.512993           0           0           0
    0.538642           0           0           0
    0.564292           0           0           0
    0.589942           0           0           0
    0.615591           0           0           0
    0.641241           0           0           0
    0.666891           0           0           0
     0.69254           0           0           0
     0.71819           0           0           0
     0.74384           0           0           0
    0.769489           0           0           0
    0.795139           0           0           0
    0.820788           0           0           0
    0.846438           0 2.52159e-05 2.45055e-05
    0.872088 0.000978189  0.00129406  0.00022531
    0.897737   0.0304874   0.0273693  0.00150563
    0.923387    0.191173    0.173958  0.00294011
    0.949037    0.612526     0.57668  0.00449582
    0.974686     1.23196     1.23859    0.011382
     1.00034     1.87845     1.87707   0.0100549
     1.02599     2.31531     2.35269   0.0129683
     1.05164     2.53512     2.53592   0.0120029
     1.07728     2.53467      2.5314   0.0160624
     1.10293     2.39279     2.38838    0.013306
     1.12858     2.27371     2.20411   0.0152702
     1.15423     2.00481     1.96897   0.0146022
     1.17988      1.7056     1.73538   0.0155278
     1.20553     1.56597     1.55713  0.00988908
     1.23118     1.42986     1.39602  0.00951662
     1.25683      1.2123     1.26373  0.00886106
     1.28248     1.14775     1.13629  0.00976171
     1.30813     1.03771     1.02781  0.00689906
     1.33378    0.904486    0.931617  0.00769338
     1.35943    0.855939    0.864421  0.00507029
     1.38508     0.82271    0.807972  0.00429259
     1.41073    0.788818    0.767809  0.00668788
     1.43638    0.700916    0.729811  0.00675236
     1.46203    0.675648    0.706291  0.00671256
     1.48768    0.681624    0.688079  0.00683396
     1.51333    0.652615    0.668363  0.00651941
     1.53898    0.678757    0.661407  0.00577093
     1.56463    0.669677    0.660846  0.00549739
     1.59028    0.689461    0.671126  0.00692904
     1.61593    0.684791    0.686741  0.00498575
     1.64158    0.676264     0.70348  0.00521328
     1.66723    0.714038    0.718176   0.0059013
     1.69288    0.731659    0.752613  0.00574825
     1.71853    0.801948    0.791478  0.00611035
     1.74418    0.811971    0.823214  0.00543828
     1.76983    0.887304    0.865995  0.00562905
     1.79547    0.911463    0.908274  0.00616871
     1.82112    0.972566     0.94771  0.00649665
     1.84677     1.00406    0.986308  0.00537979
     1.87242     1.04168     1.02126  0.00483315
     1.89807     1.05887     1.05679  0.00511723
     1.92372     1.11273     1.09763  0.00551655
     1.94937      1.1577     1.13938  0.00766986
     1.97502     1.17876     1.16828  0.00700683
     2.00067      1.2031      1.1914  0.00733929
     2.02632     1.22459       1.208  0.00449549
     2.05197     1.21145     1.21334  0.00443562
     2.07762     1.20922     1.21577  0.00634806
     2.10327     1.21162     1.20508  0.00479641
     2.12892     1.18458     1.18996  0.00557216
     2.15457     1.17135     1.17257  0.00395368
     2.18022     1.16154     1.14105  0.00463627
     2.20587     1.10625     1.12227  0.00448787
     2.23152     1.09704     1.09203  0.00392606
     2.25717      1.0669     1.06394  0.00384559
     2.28282     1.01775     1.03514  0.00384082
     2.30847    0.984388     1.01077  0.00585895
     2.33412    0.978018    0.983639  0.00538918
     2.35977    0.946048    0.961313  0.00485751
     2.38542    0.916256    0.933755  0.00308414
     2.41107    0.898907    0.923634  0.00337473
     2.43672    0.873334    0.904768  0.00362027
     2.46237    0.858938    0.895963  0.00444102
     2.48802     0.88284    0.891691    0.003798
     2.51366    0.882586    0.885997  0.00337224
     2.53931    0.856269    0.883495  0.00493541

           0           0           0           0
   0.0256496           0           0           0
   0.0512993           0           0           0
   0.0769489           0           0           0
    0.102599           0           0           0
    0.128248           0           0           0
    0.153898           0           0           0
    0.179547           0           0           0
    0.205197           0           0           0
    0.230847           0           0           0
    0.256496           0           0           0
    0.282146           0           0           0
    0.307796           0           0           0
    0.333445           0           0           0
    0.359095           0           0           0
    0.384745           0           0           0
    0.410394           0           0           0
    0.436044           0           0           0
    0.461694           0           0           0
    0.487343           0           0           0
    0.512993           0           0           0
    0.538642           0           0           0
    0.564292           0           0           0
    0.589942           0           0           0
    0.615591           0           0           0
    0.641241           0           0           0
    0.666891           0           0           0
     0.69254           0           0           0
     0.71819           0           0           0
     0.74384           0           0           0
    0.769489           0           0           0
    0.795139           0           0           0
    0.820788           0           0           0
    0.846438           0 2.38888e-05 2.32516e-05
    0.872088  0.00213979  0.00133857 0.000217804
    0.897737    0.027658   0.0273845  0.00142646
    0.923387    0.159711    0.173208   0.0028794
    0.949037    0.578477    0.576775  0.00426019
    0.974686      1.2403     1.23868   0.0107833
     1.00034      1.9277     1.87973  0.00987256
     1.02599      2.2863      2.3492   0.0127479
     1.05164     2.54201     2.53624   0.0113755
     1.07728     2.48394     2.52891     0.01541
     1.10293     2.36502     2.38715   0.0126623
     1.12858     2.21204     2.20453   0.0144722
     1.15423     2.01475     1.97138   0.0140311
     1.17988     1.78317     1.73789   0.0149129
     1.20553     1.58113     1.55839  0.00944896
     1.23118     1.43468     1.39806  0.00923073
     1.25683     1.27621     1.26439  0.00841898
     1.28248     1.09719     1.13423  0.00946234
     1.30813     1.03541     1.02821  0.00654751
     1.33378    0.926003    0.931321  0.00729414
     1.35943    0.839921    0.863131  0.00496468
     1.38508    0.806467    0.807893  0.00406739
     1.41073    0.774478     0.76816  0.00634509
     1.43638    0.729297    0.729784  0.00639703
     1.46203    0.677233    0.704762  0.00653117
     1.48768    0.666611    0.686949  0.00656702
     1.51333    0.663325    0.668098  0.00618167
     1.53898    0.668717    0.661792  0.00548001
     1.56463    0.655767    0.660579  0.00521455
     1.59028    0.658908    0.670483  0.00659413
     1.61593    0.687769    0.686795  0.00472363
     1.64158    0.695488    0.703059  0.00495584
     1.66723    0.720398    0.718293  0.00559186
     1.69288    0.757659    0.752879  0.00545185
     1.71853    0.811211    0.792517  0.00587635
     1.74418    0.785172    0.821212  0.00550832
     1.76983    0.830521    0.864128   0.0056339
     1.79547     0.90303    0.907998  0.00585022
     1.82112    0.954445    0.948064  0.00616438
     1.84677    0.981891    0.986076  0.00510167
     1.87242     1.04407     1.02246  0.00472559
     1.89807     1.13024     1.06065  0.00613683
     1.92372      1.1342     1.09955  0.00555189
     1.94937     1.16325     1.14064  0.00736833
     1.97502     1.17435      1.1686  0.00664533
     2.00067     1.18138     1.19087   0.0069719
     2.02632     1.23744     1.20955  0.00451798
     2.05197     1.21682     1.21352  0.00420596
     2.07762     1.19961     1.21492  0.00607063
     2.10327     1.18662      1.2041  0.00464132
     2.12892     1.15125     1.18792  0.00563913
     2.15457     1.15126     1.17145  0.00390141
     2.18022      1.1315     1.14055  0.00441943
     2.20587      1.1222     1.12227  0.00425167
     2.23152     1.07912     1.09136  0.00377783
     2.25717       1.051     1.06325  0.00370293
     2.28282    0.989065     1.03272  0.00433722
     2.30847    0.987925     1.00957  0.00567267
     2.33412    0.978757    0.983382  0.00511167
     2.35977     0.95759    0.961117   0.0046058
     2.38542    0.957769    0.935019  0.00317023
     2.41107    0.936213    0.924296  0.00326141
     2.43672     0.93017    0.906105   0.0036683
     2.46237    0.901575    0.896258   0.0042171
     2.48802    0.880137    0.891083  0.00364646
     2.51366    0.884822    0.885935  0.00319532
     2.53931    0.871933    0.882887  0.00471302

           0           0           0           0
   0.0256496           0           0           0
   0.0512993           0           0           0
   0.0769489           0           0           0
    0.102599           0           0           0
    0.128248           0           0           0
    0.153898           0           0           0
    0.179547           0           0           0
    0.205197           0           0           0
    0.230847           0           0           0
    0.256496           0           0           0
    0.282146           0           0           0
    0.307796           0           0           0
    0.333445           0           0           0
    0.359095           0           0           0
    0.384745           0           0           0
    0.410394           0           0           0
    0.436044           0           0           0
    0.461694           0           0           0
    0.487343           0           0           0
    0.512993           0           0           0
    0.538642           0           0           0
    0.564292           0           0           0
    0.589942           0           0           0
    0.615591           0           0           0
    0.641241           0           0           0
    0.666891           0           0           0
     0.69254           0           0           0
     0.71819           0           0           0
     0.74384           0           0           0
    0.769489           0           0           0
    0.795139           0           0           0
    0.820788           0           0           0
    0.846438           0 2.26943e-05 2.21197e-05
    0.872088 0.000733642  0.00130833 0.000209004
    0.897737   0.0179575   0.0269132   0.0014309
    0.923387    0.165774    0.172837  0.00275932
    0.949037    0.599641    0.577918   0.0041978
    0.974686     1.21811     1.23765   0.0102931
     1.00034     1.94697     1.88309  0.00993482
     1.02599     2.39854     2.35167   0.0123469
     1.05164     2.59583     2.53922   0.0111902
     1.07728     2.68969     2.53695   0.0166047
     1.10293      2.3661     2.38609   0.0120729
     1.12858     2.15181     2.20189   0.0139866
     1.15423     1.90175      1.9679   0.0137547
     1.17988     1.70587     1.73629    0.014253
     1.20553     1.48689     1.55481  0.00962911
     1.23118     1.34661     1.39548  0.00912061
     1.25683     1.22569     1.26245  0.00821739
     1.28248     1.09964      1.1325  0.00914587
     1.30813     0.99532     1.02657  0.00642339
     1.33378    0.930492     0.93128  0.00692955
     1.35943    0.819938    0.860971  0.00516487
     1.38508    0.758471    0.805422   0.0045532
     1.41073    0.774336    0.768469  0.00603535
     1.43638    0.747078    0.730649  0.00613534
     1.46203    0.757768    0.707412  0.00672088
     1.48768    0.724833    0.688843  0.00650611
     1.51333    0.681208    0.668753  0.00590724
     1.53898    0.700686    0.663736  0.00554034
     1.56463    0.681972    0.661648  0.00506235
     1.59028    0.696167    0.671767  0.00638825
     1.61593    0.715435    0.688227  0.00469951
     1.64158    0.723126    0.704063  0.00480853
     1.66723    0.749421    0.719849  0.00552463
     1.69288    0.767862    0.753628  0.00523048
     1.71853    0.787797    0.792281  0.00558727
     1.74418    0.814561     0.82088  0.00524294
     1.76983     0.80515    0.861179  0.00607513
     1.79547    0.900292    0.907612  0.00557038
     1.82112    0.920794    0.946701  0.00600507
     1.84677     0.97483    0.985514  0.00487747
     1.87242     1.00272     1.02147  0.00459124
     1.89807     1.06358      1.0608  0.00583173
     1.92372     1.06978     1.09806  0.00547021
     1.94937     1.10995      1.1391  0.00715787
     1.97502     1.14702     1.16752  0.00640007
     2.00067     1.17916     1.19028  0.00664782
     2.02632     1.24896     1.21152  0.00470227
     2.05197     1.23687     1.21469  0.00415446
     2.07762     1.23553     1.21595  0.00585389
     2.10327     1.20802      1.2043  0.00441339
     2.12892     1.19975     1.18851  0.00538809
     2.15457     1.16891     1.17132   0.0037084
     2.18022     1.14591     1.14081  0.00420659
     2.20587      1.1166     1.12199  0.00404851
     2.23152     1.06779     1.09018  0.00376823
     2.25717     1.06186     1.06318  0.00351844
     2.28282     1.03918     1.03304  0.00413237
     2.30847    0.990821     1.00863  0.00546597
     2.33412    0.974567    0.982942  0.00487505
     2.35977    0.955064    0.960815  0.00438544
     2.38542    0.940605    0.935298    0.003024
     2.41107    0.924698    0.924316   0.0030984
     2.43672    0.935133    0.907556  0.00376108
     2.46237    0.903474    0.896619  0.00402165
     2.48802    0.896259    0.891342  0.00347331
     2.51366    0.893882    0.886333  0.00306016
     2.53931    0.888163    0.883151  0.00448475

           0           0           0           0
   0.0256496           0           0           0
   0.0512993           0           0           0
   0.0769489           0           0           0
    0.102599           0           0           0
    0.128248           0           0           0
    0.153898           0           0           0
    0.179547           0           0           0
    0.205197           0           0           0
    0.230847           0           0           0
    0.256496           0           0           0
    0.282146           0           0           0
    0.307796           0           0           0
    0.333445           0           0           0
    0.359095           0           0           0
    0.384745           0           0           0
    0.410394           0           0           0
    0.436044           0           0           0
    0.461694           0           0           0
    0.487343           0           0           0
    0.512993           0           0           0
    0.538642           0           0           0
    0.564292           0           0           0
    0.589942           0           0           0
    0.615591           0           0           0
    0.641241           0           0           0
    0.666891           0           0           0
     0.69254           0           0           0
     0.71819           0           0           0
     0.74384           0           0           0
    0.769489           0           0           0
    0.795139           0           0           0
    0.820788           0           0           0
    0.846438           0 2.16137e-05 2.10928e-05
    0.872088 0.000611368  0.00127514 0.000201669
    0.897737   0.0225768   0.0267067  0.00137758
    0.923387    0.168669    0.172638  0.00263505
    0.949037    0.610405    0.579465  0.00427346
    0.974686     1.17349      1.2346   0.0102464
     1.00034      1.8466     1.88136  0.00961253
     1.02599     2.29841     2.34913   0.0120166
     1.05164     2.53993     2.53925   0.0106573
     1.07728     2.55819     2.53796   0.0158448
     1.10293      2.4149     2.38747   0.0115756
     1.12858     2.23589     2.20351   0.0134139
     1.15423     1.90519     1.96491     0.01342
     1.17988     1.72037     1.73554   0.0135944
     1.20553     1.58481     1.55624  0.00927591
     1.23118     1.38382     1.39493  0.00870318
     1.25683     1.29949     1.26422  0.00801313
     1.28248     1.14265     1.13298  0.00872311
     1.30813     1.03906     1.02716  0.00614497
     1.33378    0.910848    0.930307  0.00666752
     1.35943    0.867125    0.861265  0.00492723
     1.38508    0.806369    0.805467   0.0043366
     1.41073    0.792433     0.76961  0.00585484
     1.43638    0.730163    0.730626  0.00584323
     1.46203    0.725854     0.70829  0.00645795
     1.48768    0.694149    0.689096   0.0062012
     1.51333    0.677446    0.669167  0.00564043
     1.53898    0.651599    0.663158  0.00530658
     1.56463    0.633121     0.66029  0.00500023
     1.59028    0.652816    0.670865  0.00614746
     1.61593    0.671364    0.687424  0.00454381
     1.64158    0.700788    0.703907  0.00458208
     1.66723    0.750048    0.721287   0.0054455
     1.69288    0.757347    0.753805   0.0049844
     1.71853    0.769014    0.791173  0.00542995
     1.74418    0.801037    0.819935   0.0050777
     1.76983    0.840013    0.860171  0.00586885
     1.79547    0.910424    0.907746  0.00530673
     1.82112    0.937705    0.946272  0.00573437
     1.84677    0.978997    0.985203  0.00465507
     1.87242     1.03133     1.02194  0.00439654
     1.89807     1.10143     1.06273  0.00586626
     1.92372     1.09254      1.0978  0.00521604
     1.94937     1.10995     1.13771  0.00695032
     1.97502     1.13744     1.16609  0.00625347
     2.00067     1.16243     1.18896  0.00646221
     2.02632     1.17861     1.20995  0.00473228
     2.05197     1.22328      1.2151  0.00397672
     2.07762     1.21178     1.21575  0.00557849
     2.10327     1.21611     1.20486  0.00423887
     2.12892     1.24824     1.19136  0.00583408
     2.15457     1.23825     1.17451  0.00470606
     2.18022     1.15733      1.1416  0.00407913
     2.20587     1.12315     1.12204   0.0038561
     2.23152     1.11614     1.09141  0.00378618
     2.25717     1.03786     1.06198  0.00355161
     2.28282     1.02284     1.03255  0.00396402
     2.30847    0.994002     1.00794  0.00524991
     2.33412    0.986258      0.9831  0.00464546
     2.35977     0.96783    0.961149  0.00418932
     2.38542    0.958019     0.93638  0.00306744
     2.41107    0.944403    0.925273  0.00309498
     2.43672    0.920507    0.908173  0.00363219
     2.46237    0.908796    0.897199  0.00387172
     2.48802    0.922325    0.892817  0.00360769
     2.51366    0.876256    0.885853  0.00295182
     2.53931    0.869272     0.88249  0.00431961

           0           0           0           0
   0.0256496           0           0           0
   0.0512993           0           0           0
   0.0769489           0           0           0
    0.102599           0           0           0
    0.128248           0           0           0
    0.153898           0           0           0
    0.179547           0           0           0
    0.205197           0           0           0
    0.230847           0           0           0
    0.256496           0           0           0
    0.282146           0           0           0
    0.307796           0           0           0
    0.333445           0           0           0
    0.359095           0           0           0
    0.384745           0           0           0
    0.410394           0           0           0
    0.436044           0           0           0
    0.461694           0           0           0
    0.487343           0           0           0
    0.512993           0           0           0
    0.538642           0           0           0
    0.564292           0           0           0
    0.589942           0           0           0
    0.615591           0           0           0
    0.641241           0           0           0
    0.666891           0           0           0
     0.69254           0           0           0
     0.71819           0           0           0
     0.74384           0           0           0
    0.769489           0           0           0
    0.795139           0           0           0
    0.820788           0           0           0
    0.846438           0 2.06312e-05 2.01569e-05
    0.872088  0.00244547  0.00132834 0.000199395
    0.897737   0.0307761   0.0268917  0.00132732
    0.923387    0.153485    0.171768  0.00265521
    0.949037    0.547998    0.578035  0.00431193
    0.974686     1.21988     1.23393  0.00980247
     1.00034      1.8084     1.87804   0.0097308
     1.02599     2.24557     2.34442    0.012358
     1.05164     2.53558     2.53909   0.0101742
     1.07728     2.56162     2.53903    0.015161
     1.10293     2.39582     2.38785   0.0110557
     1.12858     2.15806     2.20145   0.0129623
     1.15423     1.91405      1.9626   0.0130076
     1.17988     1.71882     1.73478   0.0129977
     1.20553      1.5989     1.55818  0.00905468
     1.23118     1.43026     1.39654  0.00845445
     1.25683     1.30478     1.26606  0.00785813
     1.28248     1.16079     1.13425   0.0084177
     1.30813     1.00297     1.02606  0.00596321
     1.33378    0.942003    0.930838  0.00638561
     1.35943    0.868931    0.861613  0.00471557
     1.38508     0.85728    0.807822  0.00473602
     1.41073    0.793756    0.770708  0.00569065
     1.43638    0.735543    0.730849   0.0055819
     1.46203    0.719449    0.708798  0.00618429
     1.48768     0.71554    0.690298   0.0060347
     1.51333    0.714426    0.671225  0.00574697
     1.53898    0.669015    0.663425  0.00507204
     1.56463    0.658864    0.660225  0.00477337
     1.59028    0.672936    0.670959  0.00586875
     1.61593    0.692263    0.687644  0.00434259
     1.64158    0.712175    0.704283  0.00438919
     1.66723    0.724011    0.721411  0.00519938
     1.69288    0.742125    0.753274  0.00478603
     1.71853    0.766283    0.790041  0.00529969
     1.74418    0.781388    0.818183  0.00514032
     1.76983    0.827704    0.858695  0.00578465
     1.79547     0.89221     0.90704  0.00511229
     1.82112    0.936623    0.945834  0.00549047
     1.84677    0.975467    0.984761  0.00446447
     1.87242     1.01023     1.02141  0.00422878
     1.89807     1.03924     1.06166  0.00569594
     1.92372     1.09399     1.09763  0.00498183
     1.94937     1.12796     1.13727  0.00664853
     1.97502     1.18565     1.16698  0.00603215
     2.00067     1.20435     1.18966  0.00620626
     2.02632     1.20758     1.20984   0.0045184
     2.05197     1.23217     1.21587  0.00387095
     2.07762     1.19354     1.21474  0.00541548
     2.10327     1.20864     1.20503  0.00404968
     2.12892      1.1768      1.1907  0.00560631
     2.15457     1.18737     1.17509  0.00452832
     2.18022     1.16002     1.14244  0.00397868
     2.20587     1.12999      1.1224   0.0036977
     2.23152     1.07181     1.09052  0.00371747
     2.25717     1.06237       1.062  0.00339022
     2.28282     1.03264     1.03256  0.00378384
     2.30847     1.00797     1.00794  0.00501128
     2.33412     0.99309    0.983554  0.00445644
     2.35977    0.972117    0.961647  0.00402845
     2.38542    0.955247    0.937238  0.00304553
     2.41107    0.954141    0.926585  0.00322047
     2.43672    0.949408    0.910047  0.00392099
     2.46237    0.923199     0.89838   0.0038719
     2.48802    0.887747    0.892587  0.00345106
     2.51366    0.878304     0.88551  0.00283752
     2.53931    0.888707    0.882772   0.0041325

           0           0           0           0
   0.0256496           0           0           0
   0.0512993           0           0           0
   0.0769489           0           0           0
    0.102599           0           0           0
    0.128248           0           0           0
    0.153898           0           0           0
    0.179547           0           0           0
    0.205197           0           0           0
    0.230847           0           0           0
    0.256496           0           0           0
    0.282146           0           0           0
    0.307796           0           0           0
    0.333445           0           0           0
    0.359095           0           0           0
    0.384745           0           0           0
    0.410394           0           0           0
    0.436044           0           0           0
    0.461694           0           0           0
    0.487343           0           0           0
    0.512993           0           0           0
    0.538642           0           0           0
    0.564292           0           0           0
    0.589942           0           0           0
    0.615591           0           0           0
    0.641241           0           0           0
    0.666891           0           0           0
     0.69254           0           0           0
     0.71819           0           0           0
     0.74384           0           0           0
    0.769489           0           0           0
    0.795139           0           0           0
    0.820788           0           0           0
    0.846438           0 1.97342e-05 1.93004e-05
    0.872088           0  0.00127058 0.000198914
    0.897737   0.0301987   0.0270354  0.00127738
    0.923387    0.207232     0.17331  0.00295373
    0.949037    0.574285    0.577872  0.00412754
    0.974686     1.22616     1.23359  0.00938208
     1.00034     1.86954     1.87767  0.00931473
     1.02599     2.38346     2.34612   0.0119367
     1.05164     2.60788     2.54208    0.010162
     1.07728     2.60634     2.54196   0.0147815
     1.10293     2.43155     2.38975   0.0107371
     1.12858     2.20146     2.20145   0.0123987
     1.15423     1.94895     1.96201   0.0124556
     1.17988     1.72646     1.73441   0.0124376
     1.20553     1.53591     1.55721  0.00871261
     1.23118     1.34509      1.3943   0.0083775
     1.25683     1.20324     1.26333   0.0079771
     1.28248     1.10658     1.13305  0.00813722
     1.30813    0.983549     1.02422  0.00598359
     1.33378    0.912459    0.930039  0.00615777
     1.35943    0.871371    0.862037  0.00452959
     1.38508    0.799558    0.807463  0.00454371
     1.41073    0.744687    0.769576  0.00555455
     1.43638    0.693758    0.729237   0.0055673
     1.46203    0.700432    0.708434   0.0059261
     1.48768    0.711181    0.691206  0.00584023
     1.51333    0.679543    0.671586  0.00550847
     1.53898     0.69508    0.664801  0.00503479
     1.56463    0.685666    0.661331  0.00469224
     1.59028    0.699707    0.672209  0.00574514
     1.61593    0.688166    0.687667  0.00415384
     1.64158    0.690835    0.703698  0.00423712
     1.66723    0.718584    0.721288  0.00497478
     1.69288    0.770001    0.754001  0.00463287
     1.71853    0.815141    0.791133   0.0051804
     1.74418    0.847208    0.819445  0.00506936
     1.76983    0.851252    0.858371  0.00554219
     1.79547    0.912283    0.907268   0.0048951
     1.82112    0.932965    0.945274  0.00528018
     1.84677     1.00039     0.98544  0.00432175
     1.87242     1.01147     1.02098  0.00406692
     1.89807     1.07605     1.06229  0.00548251
     1.92372     1.09714     1.09761  0.00476527
     1.94937     1.11787     1.13643  0.00641273
     1.97502     1.12597     1.16519  0.00602758
     2.00067     1.17948     1.18921  0.00595216
     2.02632     1.21786     1.21019  0.00433538
     2.05197     1.20208     1.21527  0.00374884
     2.07762      1.2066     1.21439  0.00519157
     2.10327     1.21157     1.20532  0.00388357
     2.12892     1.18704     1.19054  0.00536482
     2.15457     1.18418     1.17549  0.00434865
     2.18022     1.18137     1.14413  0.00415019
     2.20587     1.13753     1.12306  0.00359498
     2.23152     1.11584     1.09162  0.00371531
     2.25717     1.07442     1.06254  0.00328555
     2.28282     1.02604     1.03227  0.00362992
     2.30847     0.98541     1.00696  0.00488819
     2.33412    0.954115    0.982274   0.0044427
     2.35977    0.924641    0.960038  0.00416223
     2.38542     0.89706    0.935491  0.00337713
     2.41107    0.901734    0.925504  0.00325665
     2.43672    0.921209    0.910532  0.00378043
     2.46237    0.903279    0.898593  0.00370941
     2.48802    0.904022    0.893084  0.00333663
     2.51366     0.92717    0.887321  0.00324112
     2.53931    0.919491    0.884369  0.00425003

           0           0           0           0
   0.0256496           0           0           0
   0.0512993           0           0           0
   0.0769489           0           0           0
    0.102599           0           0           0
    0.128248           0           0           0
    0.153898           0           0           0
    0.179547           0           0           0
    0.205197           0           0           0
    0.230847           0           0           0
    0.256496           0           0           0
    0.282146           0           0           0
    0.307796           0           0           0
    0.333445           0           0           0
    0.359095           0           0           0
    0.384745           0           0           0
    0.410394           0           0           0
    0.436044           0           0           0
    0.461694           0           0           0
    0.487343           0           0           0
    0.512993           0           0           0
    0.538642           0           0           0
    0.564292           0           0           0
    0.589942           0           0           0
    0.615591           0           0           0
    0.641241           0           0           0
    0.666891           0           0           0
     0.69254           0           0           0
     0.71819           0           0           0
     0.74384           0           0           0
    0.769489           0           0           0
    0.795139           0           0           0
    0.820788           0           0           0
    0.846438           0 1.89119e-05 1.85138e-05
    0.872088 0.000855915   0.0012533 0.000191375
    0.897737    0.024771   0.0269411  0.00122763
    0.923387    0.177299    0.173476  0.00283533
    0.949037    0.566109    0.577382  0.00398455
    0.974686     1.28287     1.23564  0.00921309
     1.00034     1.92229     1.87953   0.0091103
     1.02599     2.29038      2.3438   0.0116631
     1.05164     2.55916     2.54279  0.00976343
     1.07728     2.65859     2.54682   0.0149431
     1.10293     2.37394     2.38909   0.0103099
     1.12858     2.22924     2.20261   0.0119361
     1.15423     1.97535     1.96256    0.011949
     1.17988     1.68537     1.73237   0.0120861
     1.20553     1.51808     1.55558  0.00850082
     1.23118     1.39973     1.39452  0.00803149
     1.25683     1.24476     1.26256  0.00768217
     1.28248      1.1134     1.13223  0.00783924
     1.30813     1.00413     1.02338  0.00579252
     1.33378     0.94166    0.930524  0.00592021
     1.35943    0.838625    0.861062  0.00444466
     1.38508    0.808917    0.807523   0.0043548
     1.41073    0.775612    0.769828  0.00532881
     1.43638    0.746645    0.729962  0.00538237
     1.46203    0.725986    0.709165  0.00572413
     1.48768    0.717284    0.692292  0.00569708
     1.51333    0.712719      0.6733  0.00553916
     1.53898     0.66484    0.664802  0.00482501
     1.56463    0.630543    0.660048   0.0046688
     1.59028    0.683816    0.672692  0.00552608
     1.61593    0.687841    0.687674  0.00398077
     1.64158    0.660941    0.701916  0.00441927
     1.66723    0.698127    0.720323  0.00486019
     1.69288    0.732597    0.753109  0.00452486
     1.71853    0.754655    0.789613  0.00518273
     1.74418    0.803178    0.818767  0.00490324
     1.76983    0.850709    0.858052  0.00532045
     1.79547    0.909208    0.907349   0.0046918
     1.82112    0.964267    0.946066  0.00511914
     1.84677     1.01843    0.986815  0.00435476
     1.87242     1.05391     1.02235  0.00412242
     1.89807     1.07124     1.06266  0.00526673
     1.92372     1.13267     1.09907  0.00478543
     1.94937     1.13861     1.13652  0.00614618
     1.97502     1.15126     1.16461  0.00580433
     2.00067     1.18118     1.18888  0.00571355
     2.02632     1.22307     1.21073  0.00418779
     2.05197     1.21729     1.21536  0.00359358
     2.07762     1.21609     1.21446  0.00497574
     2.10327     1.15899     1.20339  0.00417404
     2.12892     1.16985     1.18968   0.0052101
     2.15457     1.16938     1.17523  0.00417489
     2.18022     1.15391     1.14454  0.00399724
     2.20587       1.107     1.12239  0.00350689
     2.23152     1.08971     1.09154  0.00356136
     2.25717     1.06568     1.06267  0.00315127
     2.28282     1.05944     1.03341  0.00365084
     2.30847     1.00845     1.00702  0.00468491
     2.33412    0.985641    0.982414   0.0042598
     2.35977    0.959121        0.96  0.00398898
     2.38542    0.939381    0.935653  0.00324031
     2.41107    0.913893     0.92502  0.00315669
     2.43672        0.94     0.91176   0.0038171
     2.46237    0.917345    0.899375  0.00363621
     2.48802    0.910682    0.893817  0.00327718
     2.51366    0.865583    0.886415  0.00323016
     2.53931    0.871764    0.883844  0.00410527

           0           0           0           0
   0.0256496           0           0           0
   0.0512993           0           0           0
   0.0769489           0           0           0
    0.102599           0           0           0
    0.128248           0           0           0
    0.153898           0           0           0
    0.179547           0           0           0
    0.205197           0           0           0
    0.230847           0           0           0
    0.256496           0           0           0
    0.282146           0           0           0
    0.307796           0           0           0
    0.333445           0           0           0
    0.359095           0           0           0
    0.384745           0           0           0
    0.410394           0           0           0
    0.436044           0           0           0
    0.461694           0           0           0
    0.487343           0           0           0
    0.512993           0           0           0
    0.538642           0           0           0
    0.564292           0           0           0
    0.589942           0           0           0
    0.615591           0           0           0
    0.641241           0           0           0
    0.666891           0           0           0
     0.69254           0           0           0
     0.71819           0           0           0
     0.74384           0           0           0
    0.769489           0           0           0
    0.795139           0           0           0
    0.820788           0           0           0
    0.846438           0 1.81555e-05 1.77887e-05
    0.872088  0.00110046  0.00124719 0.000183818
    0.897737   0.0199785   0.0266626  0.00120971
    0.923387    0.151901    0.172613  0.00285023
    0.949037    0.623083     0.57921  0.00422374
    0.974686     1.29489     1.23801  0.00914434
     1.00034      1.9305     1.88157  0.00897115
     1.02599     2.37898     2.34521   0.0112811
     1.05164     2.53343     2.54242  0.00938008
     1.07728     2.49091     2.54458   0.0145118
     1.10293     2.38532     2.38894  0.00989858
     1.12858     2.19224     2.20219   0.0114658
     1.15423     1.90343      1.9602   0.0117028
     1.17988     1.74211     1.73276   0.0116089
     1.20553     1.49689     1.55324  0.00847882
     1.23118     1.35768     1.39305  0.00784426
     1.25683     1.25191     1.26213  0.00738667
     1.28248     1.08426     1.13031  0.00775687
     1.30813    0.971202     1.02129  0.00592489
     1.33378    0.988286    0.932834  0.00611767
     1.35943    0.888838    0.862173  0.00440355
     1.38508    0.829668    0.808409  0.00426974
     1.41073    0.795528    0.770856  0.00521387
     1.43638    0.756356    0.731018   0.0052696
     1.46203    0.701246    0.708848  0.00550392
     1.48768    0.703866    0.692755  0.00548797
     1.51333    0.720181    0.675175  0.00562607
     1.53898    0.703847    0.666364  0.00487823
     1.56463    0.681529    0.660908  0.00456043
     1.59028     0.66405    0.672347  0.00531584
     1.61593     0.66752    0.686868  0.00390232
     1.64158     0.66897    0.700598  0.00443464
     1.66723    0.682946    0.718828  0.00489033
     1.69288    0.722543    0.751887  0.00450603
     1.71853    0.769764    0.788819  0.00503586
     1.74418     0.81208    0.818499   0.0047144
     1.76983    0.813708    0.856278  0.00539522
     1.79547    0.893688    0.906803  0.00453584
     1.82112    0.940723    0.945852  0.00491883
     1.84677    0.968115    0.986067  0.00424432
     1.87242     1.04438     1.02323  0.00405064
     1.89807     1.06332     1.06269  0.00505613
     1.92372     1.11247      1.0996  0.00462395
     1.94937      1.1216     1.13592  0.00592922
     1.97502     1.15947     1.16441   0.0055758
     2.00067     1.20557     1.18955  0.00552388
     2.02632     1.22982     1.21149  0.00408935
     2.05197      1.2336     1.21609  0.00352313
     2.07762     1.22435     1.21485  0.00479242
     2.10327     1.20517     1.20346  0.00400769
     2.12892     1.20334     1.19022  0.00503028
     2.15457     1.19332     1.17596  0.00407011
     2.18022     1.14689     1.14463  0.00383845
     2.20587     1.11279     1.12201  0.00338757
     2.23152     1.10605     1.09212  0.00346583
     2.25717     1.07308     1.06308  0.00305262
     2.28282     1.03119     1.03332  0.00350588
     2.30847     1.01829     1.00747  0.00451913
     2.33412    0.977992    0.982237  0.00409308
     2.35977     0.98672    0.961069  0.00397003
     2.38542    0.963271    0.936758  0.00329364
     2.41107    0.970626    0.926845  0.00351826
     2.43672     0.93262    0.912595   0.0037545
     2.46237    0.922612    0.900304  0.00360761
     2.48802    0.897193    0.893952  0.00314888
     2.51366    0.849591    0.884942  0.00342034
     2.53931     0.83779    0.882002  0.00433471

           0           0           0           0
   0.0256496           0           0           0
   0.0512993           0           0           0
   0.0769489           0           0           0
    0.102599           0           0           0
    0.128248           0           0           0
    0.153898           0           0           0
    0.179547           0           0           0
    0.205197           0           0           0
    0.230847           0           0           0
    0.256496           0           0           0
    0.282146           0           0           0
    0.307796           0           0           0
    0.333445           0           0           0
    0.359095           0           0           0
    0.384745           0           0           0
    0.410394           0           0           0
    0.436044           0           0           0
    0.461694           0           0           0
    0.487343           0           0           0
    0.512993           0           0           0
    0.538642           0           0           0
    0.564292           0           0           0
    0.589942           0           0           0
    0.615591           0           0           0
    0.641241           0           0           0
    0.666891           0           0           0
     0.69254           0           0           0
     0.71819           0           0           0
     0.74384           0           0           0
    0.769489           0           0           0
    0.795139           0           0           0
    0.820788           0           0           0
    0.846438           0 1.74572e-05 1.71182e-05
    0.872088           0  0.00119922   0.0001829
    0.897737   0.0357996    0.027014  0.00121315
    0.923387    0.173257    0.172638  0.00274071
    0.949037     0.54598    0.577932  0.00425026
    0.974686      1.1729     1.23551  0.00912916
     1.00034     1.92299     1.88316  0.00876645
     1.02599     2.32334     2.34436   0.0108785
     1.05164     2.51425     2.54133  0.00908166
     1.07728     2.54925     2.54476   0.0139547
     1.10293     2.43078     2.39055  0.00964781
     1.12858     2.16794     2.20087   0.0111002
     1.15423      1.9627      1.9603   0.0112531
     1.17988     1.73908       1.733    0.011165
     1.20553     1.57036     1.55389  0.00817825
     1.23118     1.41956     1.39407  0.00760852
     1.25683     1.31568     1.26419   0.0073841
     1.28248     1.09636       1.129  0.00756761
     1.30813     1.03733     1.02191  0.00572902
     1.33378    0.960115    0.933883  0.00597168
     1.35943    0.864914    0.862278  0.00423545
     1.38508    0.802498    0.808182  0.00411157
     1.41073    0.725881    0.769126  0.00529251
     1.43638    0.746622    0.731618  0.00510099
     1.46203    0.717358    0.709176  0.00530195
     1.48768    0.701251    0.693082  0.00528661
     1.51333    0.659357    0.674567  0.00544248
     1.53898    0.680268    0.666899  0.00471983
     1.56463    0.663982    0.661026  0.00438656
     1.59028    0.672172     0.67234  0.00511139
     1.61593    0.679196    0.686573  0.00376337
     1.64158    0.689453     0.70017  0.00428475
     1.66723    0.716684    0.718745  0.00470294
     1.69288    0.766579    0.752452    0.004368
     1.71853    0.757658     0.78762  0.00498275
     1.74418    0.807768    0.818087  0.00455111
     1.76983    0.871455    0.856862  0.00521919
     1.79547    0.893293    0.906283  0.00439104
     1.82112    0.927897    0.945161  0.00477787
     1.84677    0.973293    0.985575  0.00410941
     1.87242     1.01007     1.02272  0.00392633
     1.89807      1.0694     1.06295  0.00486824
     1.92372     1.10869     1.09995   0.0044593
     1.94937     1.11792     1.13523  0.00574145
     1.97502     1.12115     1.16274  0.00560408
     2.00067     1.13835     1.18758  0.00565149
     2.02632     1.17905     1.21024  0.00411806
     2.05197     1.23836     1.21695  0.00349021
     2.07762     1.26158     1.21665  0.00493357
     2.10327     1.26719     1.20591  0.00454173
     2.12892     1.22684     1.19163  0.00503005
     2.15457     1.18072     1.17614  0.00391768
     2.18022     1.14944     1.14482  0.00369526
     2.20587     1.11535     1.12175  0.00326695
     2.23152      1.1058     1.09265   0.0033722
     2.25717     1.06286     1.06308  0.00293522
     2.28282     1.05848     1.03429   0.0035021
     2.30847     1.01775     1.00787  0.00436258
     2.33412    0.967666    0.981677  0.00397383
     2.35977    0.950964     0.96068  0.00383631
     2.38542     0.93909    0.936847  0.00316818
     2.41107    0.914618    0.926374  0.00341422
     2.43672    0.898676    0.912059  0.00364806
     2.46237    0.903146    0.900414  0.00347051
     2.48802    0.914938    0.894759   0.0031295
     2.51366     0.85905    0.883946   0.0034307
     2.53931    0.868397    0.881478  0.00419945

           0           0           0           0
   0.0256496           0           0           0
   0.0512993           0           0           0
   0.0769489           0           0           0
    0.102599           0           0           0
    0.128248           0           0           0
    0.153898           0           0           0
    0.179547           0           0           0
    0.205197           0           0           0
    0.230847           0           0           0
    0.256496           0           0           0
    0.282146           0           0           0
    0.307796           0           0           0
    0.333445           0           0           0
    0.359095           0           0           0
    0.384745           0           0           0
    0.410394           0           0           0
    0.436044           0           0           0
    0.461694           0           0           0
    0.487343           0           0           0
    0.512993           0           0           0
    0.538642           0           0           0
    0.564292           0           0           0
    0.589942           0           0           0
    0.615591           0           0           0
    0.641241           0           0           0
    0.666891           0           0           0
     0.69254           0           0           0
     0.71819           0           0           0
     0.74384           0           0           0
    0.769489           0           0           0
    0.795139           0           0           0
    0.820788           0           0           0
    0.846438           0 1.68106e-05 1.64964e-05
    0.872088 0.000366821  0.00116839 0.000178705
    0.897737   0.0274271   0.0270293  0.00116831
    0.923387    0.180413    0.172926  0.00265429
    0.949037    0.606834    0.579002  0.00422549
    0.974686     1.21963     1.23492  0.00880995
     1.00034     1.91021     1.88416  0.00849883
     1.02599     2.30147     2.34278    0.010591
     1.05164     2.55303     2.54177  0.00875564
     1.07728      2.5289     2.54418   0.0134503
     1.10293     2.39671     2.39077  0.00929318
     1.12858     2.14946     2.19897   0.0108512
     1.15423     1.93201     1.95925    0.010885
     1.17988     1.76937     1.73435   0.0108324
     1.20553     1.53111     1.55305  0.00791878
     1.23118     1.35258     1.39253   0.0074803
     1.25683     1.23409     1.26308  0.00719425
     1.28248     1.10555     1.12813    0.007337
     1.30813    0.994826     1.02091  0.00560396
     1.33378    0.963785    0.934991  0.00585229
     1.35943    0.905313    0.863872   0.0043682
     1.38508    0.856422    0.809968  0.00433013
     1.41073    0.827682    0.771295  0.00552299
     1.43638    0.689837    0.730071  0.00514143
     1.46203    0.708752     0.70916  0.00510561
     1.48768    0.673246    0.692347  0.00514161
     1.51333    0.650457    0.673674  0.00531365
     1.53898     0.68659    0.667628  0.00460102
     1.56463    0.689745     0.66209  0.00435115
     1.59028     0.68825    0.672929  0.00495593
     1.61593    0.681651    0.686391   0.0036284
     1.64158    0.706368    0.700399   0.0041322
     1.66723    0.740159    0.719538  0.00459515
     1.69288    0.728796    0.751576   0.0042932
     1.71853    0.773198    0.787086  0.00482675
     1.74418    0.802899    0.817524  0.00441718
     1.76983    0.860397    0.856993  0.00502753
     1.79547      0.8971    0.905943  0.00424156
     1.82112    0.957691    0.945625   0.0046234
     1.84677    0.960307     0.98464  0.00406238
     1.87242     1.00606     1.02211  0.00382912
     1.89807     1.05017     1.06247   0.0047109
     1.92372     1.07929     1.09919  0.00435931
     1.94937     1.12949     1.13502  0.00553274
     1.97502     1.15933     1.16262  0.00539795
     2.00067     1.22403     1.18893  0.00560109
     2.02632     1.24958      1.2117  0.00421541
     2.05197     1.24353     1.21793  0.00349703
     2.07762     1.25273     1.21799  0.00492846
     2.10327     1.22911     1.20677  0.00445403
     2.12892     1.20075     1.19197  0.00485509
     2.15457     1.18273     1.17638  0.00378019
     2.18022     1.15549     1.14521  0.00357947
     2.20587     1.11575     1.12153  0.00315351
     2.23152     1.06618     1.09167  0.00338679
     2.25717     1.02897     1.06181  0.00308631
     2.28282     1.04002      1.0345  0.00337883
     2.30847    0.991452     1.00726  0.00424316
     2.33412     0.96332    0.980997  0.00388438
     2.35977    0.950964    0.960321  0.00371106
     2.38542    0.923756    0.936363  0.00308772
     2.41107    0.906738    0.925647  0.00336434
     2.43672     0.90569    0.911823  0.00352056
     2.46237    0.869215    0.899258   0.0035291
     2.48802    0.899689    0.894942  0.00301892
     2.51366    0.906881    0.884796  0.00340717
     2.53931    0.912626    0.882632  0.00419938

           0           0           0           0
   0.0256496           0           0           0
   0.0512993           0           0           0
   0.0769489           0           0           0
    0.102599           0           0           0
    0.128248           0           0           0
    0.153898           0           0           0
    0.179547           0           0           0
    0.205197           0           0           0
    0.230847           0           0           0
    0.256496           0           0           0
    0.282146           0           0           0
    0.307796           0           0           0
    0.333445           0           0           0
    0.359095           0           0           0
    0.384745           0           0           0
    0.410394           0           0           0
    0.436044           0           0           0
    0.461694           0           0           0
    0.487343           0           0           0
    0.512993           0           0           0
    0.538642           0           0           0
    0.564292           0           0           0
    0.589942           0           0           0
    0.615591           0           0           0
    0.641241           0           0           0
    0.666891           0           0           0
     0.69254           0           0           0
     0.71819           0           0           0
     0.74384           0           0           0
    0.769489           0           0           0
    0.795139           0           0           0
    0.820788           0           0           0
    0.846438           0 1.62102e-05 1.59181e-05
    0.872088 0.000427958  0.00114195 0.000174268
    0.897737   0.0206714   0.0268022  0.00114844
    0.923387    0.176589    0.173056  0.00256272
    0.949037    0.517467    0.576804   0.0046108
    0.974686     1.27702     1.23642  0.00862269
     1.00034     1.89506     1.88455   0.0082042
     1.02599      2.3753     2.34394   0.0102762
     1.05164     2.56465     2.54258  0.00848101
     1.07728     2.59196     2.54588   0.0130777
     1.10293     2.39763     2.39102  0.00896451
     1.12858     2.20973     2.19935   0.0104705
     1.15423     2.00713     1.96096   0.0106297
     1.17988     1.71485     1.73365   0.0104679
     1.20553     1.55359     1.55307  0.00763599
     1.23118      1.4031     1.39291  0.00722266
     1.25683     1.26581     1.26317  0.00693798
     1.28248      1.0817     1.12648  0.00725999
     1.30813    0.977485     1.01935  0.00561428
     1.33378    0.917079    0.934351  0.00567814
     1.35943    0.855735    0.863581  0.00422185
     1.38508    0.768492    0.808487   0.0044216
     1.41073    0.736394    0.770048  0.00546458
     1.43638    0.712838    0.729455  0.00499451
     1.46203    0.672369    0.707846  0.00508954
     1.48768    0.658637    0.691143  0.00509698
     1.51333    0.686758    0.674141  0.00514439
     1.53898    0.688141    0.668361  0.00449464
     1.56463    0.692266    0.663167  0.00432716
     1.59028    0.679922    0.673179  0.00478522
     1.61593    0.679666     0.68615  0.00350675
     1.64158    0.714082    0.700888  0.00401341
     1.66723    0.735054    0.720093  0.00446432
     1.69288    0.756047    0.751735  0.00414284
     1.71853    0.826608    0.788498  0.00485637
     1.74418    0.853504    0.818809   0.0044424
     1.76983    0.909481    0.858868   0.0051857
     1.79547    0.933543    0.906929  0.00420305
     1.82112    0.957463    0.946048  0.00447756
     1.84677     1.02341    0.986024  0.00414659
     1.87242     1.03125     1.02243  0.00370626
     1.89807     1.07245     1.06283  0.00455612
     1.92372     1.11215     1.09965  0.00422814
     1.94937     1.10994     1.13412  0.00540715
     1.97502      1.1503     1.16218  0.00522305
     2.00067     1.15943     1.18787  0.00549924
     2.02632     1.17364     1.21034  0.00427847
     2.05197     1.20859      1.2176  0.00338801
     2.07762     1.17769     1.21655  0.00495813
     2.10327      1.1421     1.20446  0.00485709
     2.12892     1.19117     1.19194  0.00468177
     2.15457      1.1628      1.1759  0.00367619
     2.18022     1.14075     1.14505  0.00345517
     2.20587     1.12035     1.12149  0.00304116
     2.23152     1.10833     1.09226  0.00331767
     2.25717     1.07508     1.06229  0.00301223
     2.28282     1.06155     1.03546  0.00339351
     2.30847     1.01992     1.00771  0.00411564
     2.33412    0.975975    0.980817  0.00374979
     2.35977    0.963357    0.960429  0.00358011
     2.38542    0.925038    0.935958  0.00300381
     2.41107    0.940238    0.926168   0.0032843
     2.43672    0.915983    0.911972  0.00339796
     2.46237    0.871324     0.89826  0.00354126
     2.48802     0.88581    0.894616  0.00292866
     2.51366    0.880719     0.88465   0.0032886
     2.53931    0.895242    0.883082  0.00407348

           0           0           0           0
   0.0256496           0           0           0
   0.0512993           0           0           0
   0.0769489           0           0           0
    0.102599           0           0           0
    0.128248           0           0           0
    0.153898           0           0           0
    0.179547           0           0           0
    0.205197           0           0           0
    0.230847           0           0           0
    0.256496           0           0           0
    0.282146           0           0           0
    0.307796           0           0           0
    0.333445           0           0           0
    0.359095           0           0           0
    0.384745           0           0           0
    0.410394           0           0           0
    0.436044           0           0           0
    0.461694           0           0           0
    0.487343           0           0           0
    0.512993           0           0           0
    0.538642           0           0           0
    0.564292           0           0           0
    0.589942           0           0           0
    0.615591           0           0           0
    0.641241           0           0           0
    0.666891           0           0           0
     0.69254           0           0           0
     0.71819           0           0           0
     0.74384           0           0           0
    0.769489           0           0           0
    0.795139           0           0           0
    0.820788           0           0           0
    0.846438           0 1.56513e-05 1.53791e-05
    0.872088   0.0018341  0.00116582 0.000169885
    0.897737   0.0284087   0.0268576  0.00111018
    0.923387    0.152283     0.17234  0.00257252
    0.949037    0.568179    0.576507  0.00446139
    0.974686      1.2352     1.23638  0.00832546
     1.00034     1.85966     1.88369  0.00796608
     1.02599     2.30675     2.34265   0.0100015
     1.05164     2.60982      2.5449  0.00849957
     1.07728     2.57491     2.54688    0.012665
     1.10293     2.44424     2.39285  0.00884125
     1.12858     2.19521     2.19921   0.0101104
     1.15423     1.92136     1.95959   0.0103505
     1.17988     1.66255      1.7312   0.0103901
     1.20553     1.49198     1.55096  0.00765769
     1.23118     1.36601     1.39198  0.00703294
     1.25683     1.29735     1.26435  0.00679812
     1.28248     1.11551      1.1261  0.00701949
     1.30813    0.996061     1.01855  0.00547784
     1.33378    0.961567     0.93529  0.00555935
     1.35943    0.862676     0.86355  0.00407638
     1.38508     0.80632    0.808412  0.00426976
     1.41073    0.762571     0.76979  0.00528222
     1.43638    0.718811    0.729088  0.00483575
     1.46203    0.703007    0.707679  0.00491677
     1.48768    0.685218    0.690939  0.00492532
     1.51333    0.695412    0.674875  0.00501901
     1.53898    0.710428    0.669812  0.00456774
     1.56463    0.688264    0.664033   0.0042636
     1.59028    0.699912    0.674101  0.00470816
     1.61593    0.719731    0.687308   0.0035719
     1.64158    0.721866    0.701611  0.00393967
     1.66723    0.749692    0.721113  0.00442552
     1.69288    0.777094     0.75261  0.00409122
     1.71853    0.780034    0.788206  0.00469767
     1.74418    0.826084     0.81906  0.00429629
     1.76983    0.842242    0.858294  0.00503847
     1.79547    0.853981    0.905103  0.00443699
     1.82112    0.930886    0.945525  0.00435358
     1.84677    0.997093    0.986406  0.00402113
     1.87242     1.03276     1.02279  0.00359551
     1.89807     1.03665     1.06193  0.00448758
     1.92372     1.07798      1.0989  0.00414787
     1.94937     1.08972     1.13259  0.00543315
     1.97502     1.12918     1.16104  0.00516538
     2.00067     1.16976     1.18725  0.00534495
     2.02632     1.22736     1.21093  0.00417099
     2.05197      1.2343     1.21817  0.00331976
     2.07762     1.21528      1.2165  0.00478735
     2.10327     1.21941     1.20498  0.00471688
     2.12892     1.19291     1.19197  0.00452045
     2.15457     1.19765     1.17665  0.00362516
     2.18022     1.15181     1.14529  0.00334388
     2.20587     1.13473     1.12194   0.0029704
     2.23152     1.09536     1.09237  0.00320499
     2.25717     1.04844     1.06181  0.00294596
     2.28282     1.03367      1.0354  0.00327706
     2.30847      1.0161       1.008  0.00398387
     2.33412    0.965571    0.980292  0.00365716
     2.35977    0.973571    0.960882  0.00348522
     2.38542    0.935585    0.935945  0.00290026
     2.41107     0.92073    0.925981  0.00317639
     2.43672    0.896673    0.911444  0.00332149
     2.46237    0.893721    0.898104  0.00342261
     2.48802    0.913009     0.89525  0.00289554
     2.51366    0.907946    0.885453  0.00327184
     2.53931    0.910715    0.884035  0.00404292

           0           0           0           0
   0.0256496           0           0           0
   0.0512993           0           0           0
   0.0769489           0           0           0
    0.102599           0           0           0
    0.128248           0           0           0
    0.153898           0           0           0
    0.179547           0           0           0
    0.205197           0           0           0
    0.230847           0           0           0
    0.256496           0           0           0
    0.282146           0           0           0
    0.307796           0           0           0
    0.333445           0           0           0
    0.359095           0           0           0
    0.384745           0           0           0
    0.410394           0           0           0
    0.436044           0           0           0
    0.461694           0           0           0
    0.487343           0           0           0
    0.512993           0           0           0
    0.538642           0           0           0
    0.564292           0           0           0
    0.589942           0           0           0
    0.615591           0           0           0
    0.641241           0           0           0
    0.666891           0           0           0
     0.69254           0           0           0
     0.71819           0           0           0
     0.74384           0           0           0
    0.769489           0           0           0
    0.795139           0           0           0
    0.820788           0           0           0
    0.846438           0 1.51296e-05 1.48753e-05
    0.872088  0.00440185  0.00127368 0.000195491
    0.897737   0.0347602    0.027121  0.00110398
    0.923387    0.180249    0.172604  0.00250024
    0.949037    0.558089    0.575893  0.00435471
    0.974686     1.26333     1.23728  0.00809625
     1.00034     1.89198     1.88397  0.00770533
     1.02599     2.34082     2.34259  0.00966832
     1.05164     2.54226     2.54481  0.00821671
     1.07728      2.5787     2.54794   0.0122872
     1.10293     2.37444     2.39224  0.00856782
     1.12858     2.17419     2.19838  0.00980773
     1.15423     1.95039     1.95929     0.01001
     1.17988     1.72078     1.73086   0.0100495
     1.20553     1.57958     1.55192  0.00746162
     1.23118     1.40724     1.39249  0.00681688
     1.25683     1.23689     1.26344  0.00663288
     1.28248     1.13006     1.12623  0.00678675
     1.30813     1.07503     1.02043  0.00560938
     1.33378    0.946623    0.935667  0.00538686
     1.35943    0.845337    0.862943  0.00398546
     1.38508    0.777385    0.807378  0.00425085
     1.41073    0.735638    0.768652  0.00522738
     1.43638    0.743362    0.729564  0.00469791
     1.46203    0.714166    0.707895  0.00475763
     1.48768    0.667419    0.690155  0.00482313
     1.51333    0.645154    0.673884  0.00494852
     1.53898    0.649332    0.669129   0.0044662
     1.56463    0.677758     0.66449  0.00414596
     1.59028    0.697341    0.674875  0.00461451
     1.61593    0.690169    0.687404  0.00345411
     1.64158     0.70824    0.701832  0.00381454
     1.66723    0.718329     0.72102  0.00427897
     1.69288    0.758449    0.752804  0.00395948
     1.71853    0.812825    0.789027   0.0046122
     1.74418    0.809598    0.818745  0.00416464
     1.76983    0.857745    0.858276  0.00487055
     1.79547    0.893498    0.904716  0.00430592
     1.82112    0.924694    0.944831  0.00426347
     1.84677    0.942309    0.984936  0.00414706
     1.87242     1.00696     1.02226  0.00351416
     1.89807     1.02743     1.06078   0.0044829
     1.92372     1.09146     1.09865  0.00401702
     1.94937     1.15125     1.13321  0.00528752
     1.97502     1.21838     1.16295  0.00533514
     2.00067      1.2356     1.18886  0.00540432
     2.02632     1.25893     1.21253  0.00432802
     2.05197     1.22073     1.21826  0.00321019
     2.07762     1.20355     1.21607  0.00464722
     2.10327     1.17841     1.20409  0.00464205
     2.12892     1.17202     1.19131  0.00441844
     2.15457     1.17113     1.17647  0.00350898
     2.18022     1.12037     1.14446  0.00333399
     2.20587     1.11124     1.12159  0.00289271
     2.23152     1.09299     1.09239  0.00309822
     2.25717     1.08935     1.06273  0.00298737
     2.28282     1.06456     1.03637  0.00330882
     2.30847      1.0167     1.00829  0.00386162
     2.33412    0.992516    0.980699  0.00355788
     2.35977    0.963994    0.960986  0.00337059
     2.38542    0.965302    0.936924  0.00296408
     2.41107    0.928748    0.926073  0.00307185
     2.43672    0.932859    0.912158  0.00328658
     2.46237    0.903513    0.898284  0.00331327
     2.48802    0.915589    0.895928  0.00287729
     2.51366    0.897813    0.885865  0.00318861
     2.53931    0.862002    0.883301   0.0039743

