# DISTANCE:     AVE_GOFR:        ERROR:
           0           0           0           0
   0.0256496           0           0           0
   0.0512993           0           0           0
   0.0769489           0           0           0
    0.102599           0           0           0
    0.128248           0           0           0
    0.153898           0           0           0
    0.179547           0           0           0
    0.205197           0           0           0
    0.230847           0           0           0
    0.256496           0           0           0
    0.282146           0           0           0
    0.307796           0           0           0
    0.333445           0           0           0
    0.359095           0           0           0
    0.384745           0           0           0
    0.410394           0           0           0
    0.436044           0           0           0
    0.461694           0           0           0
    0.487343           0           0           0
    0.512993           0           0           0
    0.538642           0           0           0
    0.564292           0           0           0
    0.589942           0           0           0
    0.615591           0           0           0
    0.641241           0           0           0
    0.666891           0           0           0
     0.69254           0           0           0
     0.71819           0           0           0
     0.74384           0           0           0
    0.769489           0           0           0
    0.795139           0           0           0
    0.820788           0           0           0
    0.846438           0           0           0
    0.872088  0.00134501  0.00134501           0
    0.897737   0.0255216   0.0255216           0
    0.923387    0.160749    0.160749           0
    0.949037      0.5688      0.5688           0
    0.974686     1.19366     1.19366           0
     1.00034     1.87015     1.87015           0
     1.02599     2.32822     2.32822           0
     1.05164     2.54733     2.54733           0
     1.07728      2.5416      2.5416           0
     1.10293     2.36906     2.36906           0
     1.12858     2.19859     2.19859           0
     1.15423     1.97285     1.97285           0
     1.17988     1.75672     1.75672           0
     1.20553     1.57065     1.57065           0
     1.23118     1.39063     1.39063           0
     1.25683     1.23558     1.23558           0
     1.28248     1.12587     1.12587           0
     1.30813     1.03359     1.03359           0
     1.33378    0.956102    0.956102           0
     1.35943    0.870507    0.870507           0
     1.38508    0.821338    0.821338           0
     1.41073    0.763138    0.763138           0
     1.43638    0.739282    0.739282           0
     1.46203    0.717138    0.717138           0
     1.48768    0.696594    0.696594           0
     1.51333    0.687128    0.687128           0
     1.53898     0.67983     0.67983           0
     1.56463    0.678509    0.678509           0
     1.59028     0.68335     0.68335           0
     1.61593    0.693327    0.693327           0
     1.64158     0.71284     0.71284           0
     1.66723    0.720924    0.720924           0
     1.69288    0.760572    0.760572           0
     1.71853    0.782398    0.782398           0
     1.74418     0.81833     0.81833           0
     1.76983    0.840344    0.840344           0
     1.79547     0.90098     0.90098           0
     1.82112    0.931214    0.931214           0
     1.84677    0.973806    0.973806           0
     1.87242     1.01675     1.01675           0
     1.89807     1.05208     1.05208           0
     1.92372      1.0852      1.0852           0
     1.94937      1.1261      1.1261           0
     1.97502     1.15261     1.15261           0
     2.00067     1.18463     1.18463           0
     2.02632     1.17776     1.17776           0
     2.05197     1.20426     1.20426           0
     2.07762     1.20522     1.20522           0
     2.10327     1.21271     1.21271           0
     2.12892     1.18915     1.18915           0
     2.15457     1.16697     1.16697           0
     2.18022       1.145       1.145           0
     2.20587     1.12811     1.12811           0
     2.23152     1.09702     1.09702           0
     2.25717     1.07372     1.07372           0
     2.28282     1.03617     1.03617           0
     2.30847     1.01781     1.01781           0
     2.33412    0.991143    0.991143           0
     2.35977    0.966682    0.966682           0
     2.38542    0.957478    0.957478           0
     2.41107    0.933442    0.933442           0
     2.43672    0.925239    0.925239           0
     2.46237    0.914509    0.914509           0
     2.48802    0.902881    0.902881           0
     2.51366    0.889847    0.889847           0
     2.53931    0.895558    0.895558           0

           0           0           0           0
   0.0256496           0           0           0
   0.0512993           0           0           0
   0.0769489           0           0           0
    0.102599           0           0           0
    0.128248           0           0           0
    0.153898           0           0           0
    0.179547           0           0           0
    0.205197           0           0           0
    0.230847           0           0           0
    0.256496           0           0           0
    0.282146           0           0           0
    0.307796           0           0           0
    0.333445           0           0           0
    0.359095           0           0           0
    0.384745           0           0           0
    0.410394           0           0           0
    0.436044           0           0           0
    0.461694           0           0           0
    0.487343           0           0           0
    0.512993           0           0           0
    0.538642           0           0           0
    0.564292           0           0           0
    0.589942           0           0           0
    0.615591           0           0           0
    0.641241           0           0           0
    0.666891           0           0           0
     0.69254           0           0           0
     0.71819           0           0           0
     0.74384           0           0           0
    0.769489           0           0           0
    0.795139           0           0           0
    0.820788           0           0           0
    0.846438           0           0           0
    0.872088  0.00140615  0.00137558 2.16151e-05
    0.897737   0.0266764    0.026099 0.000408292
    0.923387    0.161842    0.161295 0.000386228
    0.949037     0.55338     0.56109  0.00545198
    0.974686     1.19057     1.19212  0.00109351
     1.00034     1.84273     1.85644  0.00969586
     1.02599     2.30671     2.31747   0.0076074
     1.05164     2.55257     2.54995  0.00185238
     1.07728     2.54679     2.54419  0.00183746
     1.10293     2.42482     2.39694    0.019715
     1.12858      2.1954     2.19699  0.00113034
     1.15423     1.97925     1.97605  0.00226182
     1.17988     1.78139     1.76905  0.00872183
     1.20553     1.57368     1.57217  0.00107189
     1.23118     1.40768     1.39915  0.00602669
     1.25683     1.24779     1.24168  0.00431562
     1.28248     1.11574      1.1208  0.00358144
     1.30813     1.02503     1.02931  0.00302658
     1.33378    0.932921    0.944511  0.00819576
     1.35943    0.869287    0.869897 0.000431467
     1.38508    0.816193    0.818766  0.00181903
     1.41073    0.780479    0.771808  0.00613091
     1.43638    0.744434    0.741858  0.00182149
     1.46203    0.717072    0.717105 2.33454e-05
     1.48768    0.695063    0.695828 0.000541298
     1.51333     0.68721    0.687169 2.90698e-05
     1.53898    0.685954    0.682892  0.00216499
     1.56463    0.679221    0.678865 0.000251691
     1.59028    0.683741    0.683546 0.000138317
     1.61593    0.682174    0.687751  0.00394329
     1.64158     0.70691    0.709875  0.00209651
     1.66723    0.718227    0.719576 0.000953526
     1.69288     0.73059    0.745581   0.0106004
     1.71853    0.775163    0.778781  0.00255805
     1.74418    0.801704    0.810017  0.00587804
     1.76983    0.843403    0.841873   0.0010813
     1.79547    0.889223    0.895101  0.00415677
     1.82112    0.922331    0.926773  0.00314045
     1.84677    0.964239    0.969022  0.00338237
     1.87242     1.00805      1.0124  0.00307665
     1.89807     1.05289     1.05249 0.000287408
     1.92372     1.09376     1.08948  0.00302413
     1.94937     1.12736     1.12673 0.000444037
     1.97502     1.16157     1.15709  0.00316564
     2.00067     1.18114     1.18288  0.00123587
     2.02632     1.20355     1.19065  0.00911873
     2.05197     1.21404     1.20915  0.00345818
     2.07762      1.2124     1.20881  0.00253715
     2.10327     1.22422     1.21846  0.00407126
     2.12892     1.20813     1.19864  0.00671245
     2.15457     1.18051     1.17374  0.00478887
     2.18022     1.15285     1.14892  0.00277694
     2.20587     1.12416     1.12613   0.0013961
     2.23152     1.09597     1.09649 0.000369656
     2.25717     1.06268      1.0682  0.00390258
     2.28282     1.04427     1.04022  0.00286511
     2.30847     1.02074     1.01928  0.00103352
     2.33412    0.984989    0.988066  0.00217577
     2.35977    0.964819    0.965751 0.000658541
     2.38542    0.960541    0.959009  0.00108305
     2.41107    0.942528    0.937985  0.00321243
     2.43672    0.928064    0.926651 0.000998663
     2.46237    0.914258    0.914384 8.84133e-05
     2.48802    0.900898     0.90189 0.000700992
     2.51366     0.89803    0.893939  0.00289318
     2.53931    0.891912    0.893735  0.00128902

           0           0           0           0
   0.0256496           0           0           0
   0.0512993           0           0           0
   0.0769489           0           0           0
    0.102599           0           0           0
    0.128248           0           0           0
    0.153898           0           0           0
    0.179547           0           0           0
    0.205197           0           0           0
    0.230847           0           0           0
    0.256496           0           0           0
    0.282146           0           0           0
    0.307796           0           0           0
    0.333445           0           0           0
    0.359095           0           0           0
    0.384745           0           0           0
    0.410394           0           0           0
    0.436044           0           0           0
    0.461694           0           0           0
    0.487343           0           0           0
    0.512993           0           0           0
    0.538642           0           0           0
    0.564292           0           0           0
    0.589942           0           0           0
    0.615591           0           0           0
    0.641241           0           0           0
    0.666891           0           0           0
     0.69254           0           0           0
     0.71819           0           0           0
     0.74384           0           0           0
    0.769489           0           0           0
    0.795139           0           0           0
    0.820788           0           0           0
    0.846438           0           0           0
    0.872088 0.000917052  0.00122274 0.000125624
    0.897737   0.0232697   0.0251559 0.000816735
    0.923387    0.161022    0.161204 0.000267999
    0.949037     0.58272      0.5683  0.00691861
    0.974686     1.22165     1.20196     0.00807
     1.00034     1.87687     1.86325  0.00852606
     1.02599     2.36491     2.33328    0.013874
     1.05164     2.56469     2.55486   0.0041991
     1.07728     2.54232     2.54357  0.00132685
     1.10293     2.40201     2.39863   0.0132157
     1.12858     2.21936     2.20445   0.0061324
     1.15423     1.96762     1.97324  0.00274689
     1.17988     1.75712     1.76508  0.00665979
     1.20553      1.5452     1.56318  0.00737321
     1.23118      1.3742     1.39084   0.0078902
     1.25683     1.22952     1.23763  0.00438565
     1.28248     1.11069     1.11743  0.00364423
     1.30813      1.0128     1.02381   0.0049275
     1.33378    0.912987    0.934003   0.0101718
     1.35943    0.863566    0.867786  0.00174684
     1.38508    0.820285    0.819272  0.00128122
     1.41073    0.772068    0.771895  0.00408788
     1.43638    0.736911    0.740209  0.00181307
     1.46203    0.707849    0.714019  0.00251902
     1.48768    0.687323    0.692993  0.00234291
     1.51333    0.667785    0.680708  0.00527564
     1.53898    0.672494    0.679426   0.0031768
     1.56463    0.678932    0.678887 0.000168792
     1.59028    0.683965    0.683685 0.000146689
     1.61593    0.691017     0.68884  0.00277512
     1.64158    0.722373    0.714041  0.00367752
     1.66723    0.738938     0.72603  0.00530794
     1.69288    0.753463    0.748208   0.0073854
     1.71853    0.777191    0.778251  0.00175936
     1.74418    0.805473    0.808502  0.00410922
     1.76983    0.850212    0.844653  0.00238131
     1.79547    0.901888    0.897363   0.0033303
     1.82112    0.934986     0.92951  0.00306275
     1.84677    0.988274    0.975439  0.00570415
     1.87242      1.0228     1.01587  0.00349541
     1.89807     1.06969     1.05822  0.00468579
     1.92372     1.10578     1.09491  0.00487361
     1.94937      1.1396     1.13102   0.0035136
     1.97502     1.17356     1.16258  0.00495497
     2.00067     1.18977     1.18518  0.00204696
     2.02632      1.2059     1.19574   0.0073601
     2.05197     1.22173     1.21334  0.00412838
     2.07762     1.20676     1.20813  0.00178144
     2.10327     1.20491     1.21395  0.00457942
     2.12892     1.18141      1.1929  0.00648137
     2.15457      1.1658     1.17109  0.00385432
     2.18022     1.13653     1.14479   0.0038466
     2.20587     1.11059     1.12095  0.00433122
     2.23152     1.09705     1.09668 0.000289874
     2.25717     1.05928     1.06523  0.00355842
     2.28282     1.02942     1.03662  0.00350592
     2.30847     1.00993     1.01616   0.0026345
     2.33412    0.976879    0.984337  0.00337251
     2.35977    0.963629    0.965043 0.000725469
     2.38542    0.944733    0.954251  0.00395197
     2.41107    0.929677    0.935216  0.00311436
     2.43672    0.917483    0.923595  0.00258254
     2.46237    0.909523    0.912763  0.00132424
     2.48802    0.894613    0.899464  0.00203475
     2.51366    0.889412     0.89243  0.00228867
     2.53931    0.889538    0.892336  0.00142947

           0           0           0           0
   0.0256496           0           0           0
   0.0512993           0           0           0
   0.0769489           0           0           0
    0.102599           0           0           0
    0.128248           0           0           0
    0.153898           0           0           0
    0.179547           0           0           0
    0.205197           0           0           0
    0.230847           0           0           0
    0.256496           0           0           0
    0.282146           0           0           0
    0.307796           0           0           0
    0.333445           0           0           0
    0.359095           0           0           0
    0.384745           0           0           0
    0.410394           0           0           0
    0.436044           0           0           0
    0.461694           0           0           0
    0.487343           0           0           0
    0.512993           0           0           0
    0.538642           0           0           0
    0.564292           0           0           0
    0.589942           0           0           0
    0.615591           0           0           0
    0.641241           0           0           0
    0.666891           0           0           0
     0.69254           0           0           0
     0.71819           0           0           0
     0.74384           0           0           0
    0.769489           0           0           0
    0.795139           0           0           0
    0.820788           0           0           0
    0.846438           0           0           0
    0.872088  0.00128387  0.00123802 9.51434e-05
    0.897737     0.02454   0.0250019 0.000626898
    0.923387    0.167959    0.162893   0.0014762
    0.949037    0.576511    0.570353    0.005485
    0.974686     1.22886     1.20869  0.00840002
     1.00034     1.88498     1.86868   0.0079393
     1.02599     2.36536      2.3413   0.0125101
     1.05164     2.59313     2.56443  0.00886339
     1.07728      2.5339     2.54115  0.00231791
     1.10293      2.4049      2.4002   0.0100043
     1.12858     2.18051     2.19846  0.00692877
     1.15423      1.9601     1.96996  0.00351361
     1.17988     1.72633     1.75539  0.00976356
     1.20553     1.54275     1.55807  0.00708087
     1.23118     1.37414     1.38666   0.0069343
     1.25683     1.22415     1.23426  0.00439786
     1.28248     1.10803     1.11508  0.00340732
     1.30813     1.02789     1.02483  0.00379968
     1.33378     0.94892    0.937732  0.00828436
     1.35943    0.865753    0.867278  0.00138216
     1.38508    0.811195    0.817253  0.00199531
     1.41073    0.776108    0.772948  0.00319873
     1.43638    0.726265    0.736723  0.00331101
     1.46203    0.715091    0.714287  0.00190345
     1.48768    0.693915    0.693224  0.00176847
     1.51333    0.677919    0.680011  0.00400253
     1.53898    0.680506    0.679696  0.00239405
     1.56463    0.660615    0.674319    0.003958
     1.59028    0.680872    0.682982 0.000618902
     1.61593    0.702459    0.692245  0.00360932
     1.64158     0.71835    0.715118  0.00291164
     1.66723    0.746435    0.731131  0.00594693
     1.69288    0.768487    0.753278  0.00706809
     1.71853     0.78612    0.780218  0.00215489
     1.74418    0.827651     0.81329  0.00516579
     1.76983    0.865037    0.849749  0.00476097
     1.79547    0.898008    0.897524  0.00250162
     1.82112    0.939598    0.932032  0.00316964
     1.84677    0.972781    0.974775  0.00431665
     1.87242     1.01081     1.01461  0.00284092
     1.89807     1.05474     1.05735  0.00359415
     1.92372     1.07904     1.09094  0.00501768
     1.94937     1.12244     1.12887  0.00322466
     1.97502     1.15522     1.16074  0.00404367
     2.00067     1.18502     1.18514   0.0015356
     2.02632     1.19398      1.1953  0.00553312
     2.05197     1.20691     1.21173  0.00339527
     2.07762     1.19795     1.20558  0.00257703
     2.10327      1.1954     1.20931  0.00528461
     2.12892      1.1847     1.19085  0.00517485
     2.15457     1.17491     1.17205  0.00300624
     2.18022     1.14847     1.14571  0.00299276
     2.20587     1.11591     1.11969  0.00342688
     2.23152     1.09104     1.09527  0.00124089
     2.25717     1.06748     1.06579  0.00271286
     2.28282     1.05071     1.04014  0.00402652
     2.30847     1.00816     1.01416  0.00262836
     2.33412    0.986997    0.985002  0.00259411
     2.35977    0.959129    0.963565  0.00139122
     2.38542    0.957336    0.955022  0.00303832
     2.41107    0.930973    0.934155  0.00250991
     2.43672    0.920755    0.922885   0.0020322
     2.46237     0.92287     0.91529  0.00240308
     2.48802      0.9006    0.899748  0.00154574
     2.51366      0.8908    0.892022  0.00175241
     2.53931    0.893353     0.89259  0.00109447

           0           0           0           0
   0.0256496           0           0           0
   0.0512993           0           0           0
   0.0769489           0           0           0
    0.102599           0           0           0
    0.128248           0           0           0
    0.153898           0           0           0
    0.179547           0           0           0
    0.205197           0           0           0
    0.230847           0           0           0
    0.256496           0           0           0
    0.282146           0           0           0
    0.307796           0           0           0
    0.333445           0           0           0
    0.359095           0           0           0
    0.384745           0           0           0
    0.410394           0           0           0
    0.436044           0           0           0
    0.461694           0           0           0
    0.487343           0           0           0
    0.512993           0           0           0
    0.538642           0           0           0
    0.564292           0           0           0
    0.589942           0           0           0
    0.615591           0           0           0
    0.641241           0           0           0
    0.666891           0           0           0
     0.69254           0           0           0
     0.71819           0           0           0
     0.74384           0           0           0
    0.769489           0           0           0
    0.795139           0           0           0
    0.820788           0           0           0
    0.846438           0           0           0
    0.872088  0.00103933  0.00119828 8.40047e-05
    0.897737   0.0217684   0.0243552 0.000765571
    0.923387    0.167959    0.163906  0.00148861
    0.949037    0.566316    0.569545  0.00444701
    0.974686     1.22106     1.21116  0.00707506
     1.00034     1.88335     1.87162   0.0068721
     1.02599      2.3284     2.33872   0.0102706
     1.05164      2.5554     2.56262  0.00727244
     1.07728     2.56009     2.54494   0.0038616
     1.10293     2.42167     2.40449  0.00887714
     1.12858     2.15527     2.18982  0.00950984
     1.15423     1.96456     1.96888  0.00297198
     1.17988     1.74151     1.75261  0.00819614
     1.20553     1.54807     1.55607  0.00594035
     1.23118     1.38092     1.38551  0.00564188
     1.25683     1.22492     1.23239  0.00389489
     1.28248      1.1154     1.11514  0.00272644
     1.30813     1.01656     1.02317  0.00338081
     1.33378    0.942452    0.938676  0.00668104
     1.35943    0.884363    0.870695  0.00325017
     1.38508    0.818349    0.817472  0.00160825
     1.41073    0.777786    0.773916  0.00270133
     1.43638    0.737367    0.736852  0.00265132
     1.46203    0.718172    0.715064  0.00167384
     1.48768    0.697742    0.694127  0.00162941
     1.51333    0.685525    0.681113  0.00335051
     1.53898    0.679453    0.679648  0.00191574
     1.56463    0.684666    0.676388  0.00366765
     1.59028    0.672079    0.680802  0.00201224
     1.61593    0.684502    0.690696  0.00320244
     1.64158    0.709342    0.713963  0.00254825
     1.66723    0.723825     0.72967  0.00493381
     1.69288    0.760868    0.754796  0.00581521
     1.71853    0.782845    0.780744  0.00178683
     1.74418    0.810157    0.812663  0.00417046
     1.76983    0.860939    0.851987  0.00430277
     1.79547    0.895753     0.89717  0.00202623
     1.82112    0.930417    0.931709  0.00255213
     1.84677    0.978222    0.975464  0.00350795
     1.87242     1.01475     1.01463  0.00227288
     1.89807     1.05405     1.05669  0.00293544
     1.92372     1.09444     1.09164  0.00406271
     1.94937     1.12763     1.12863  0.00258926
     1.97502     1.15881     1.16035  0.00325341
     2.00067     1.18482     1.18508   0.0012298
     2.02632      1.1961     1.19546  0.00442883
     2.05197     1.21002     1.21139  0.00273349
     2.07762     1.21291     1.20705   0.0024435
     2.10327     1.19957     1.20736  0.00457285
     2.12892     1.18521     1.18972  0.00426088
     2.15457     1.16338     1.17031  0.00286153
     2.18022     1.15206     1.14698   0.0026501
     2.20587     1.11911     1.11958  0.00274348
     2.23152     1.08197     1.09261  0.00257795
     2.25717     1.06199     1.06503  0.00227451
     2.28282      1.0405     1.04022  0.00322187
     2.30847      1.0171     1.01475   0.0021676
     2.33412      1.0009    0.988181  0.00351996
     2.35977    0.965917    0.964035  0.00118982
     2.38542    0.956953    0.955408  0.00245509
     2.41107    0.935447    0.934413  0.00202118
     2.43672    0.925111     0.92333  0.00167382
     2.46237    0.910234    0.914279   0.0021246
     2.48802    0.904741    0.900747  0.00152544
     2.51366    0.890169    0.891652  0.00144057
     2.53931    0.889266    0.891925  0.00105843

           0           0           0           0
   0.0256496           0           0           0
   0.0512993           0           0           0
   0.0769489           0           0           0
    0.102599           0           0           0
    0.128248           0           0           0
    0.153898           0           0           0
    0.179547           0           0           0
    0.205197           0           0           0
    0.230847           0           0           0
    0.256496           0           0           0
    0.282146           0           0           0
    0.307796           0           0           0
    0.333445           0           0           0
    0.359095           0           0           0
    0.384745           0           0           0
    0.410394           0           0           0
    0.436044           0           0           0
    0.461694           0           0           0
    0.487343           0           0           0
    0.512993           0           0           0
    0.538642           0           0           0
    0.564292           0           0           0
    0.589942           0           0           0
    0.615591           0           0           0
    0.641241           0           0           0
    0.666891           0           0           0
     0.69254           0           0           0
     0.71819           0           0           0
     0.74384           0           0           0
    0.769489           0           0           0
    0.795139           0           0           0
    0.820788           0           0           0
    0.846438           0           0           0
    0.872088 0.000917052  0.00115141 8.20447e-05
    0.897737   0.0237894   0.0242609 0.000643759
    0.923387    0.169215    0.164791  0.00148032
    0.949037    0.564609    0.568723  0.00378119
    0.974686     1.19396     1.20829   0.0064507
     1.00034     1.82659     1.86411  0.00892885
     1.02599     2.33182     2.33757  0.00862304
     1.05164     2.53917     2.55872   0.0070326
     1.07728     2.55231     2.54617   0.0034079
     1.10293      2.4089     2.40523  0.00742795
     1.12858     2.22641     2.19592  0.00968445
     1.15423      1.9744      1.9698  0.00261545
     1.17988     1.77112      1.7557  0.00738794
     1.20553     1.56133     1.55695  0.00501449
     1.23118     1.40124     1.38814  0.00527551
     1.25683     1.24116     1.23385  0.00350949
     1.28248     1.11617     1.11531  0.00227734
     1.30813     1.02188     1.02296  0.00282422
     1.33378    0.931627    0.937501   0.0056699
     1.35943    0.857464     0.86849  0.00337462
     1.38508    0.824376    0.818623  0.00170281
     1.41073    0.773651    0.773872  0.00225147
     1.43638    0.737641    0.736983  0.00221269
     1.46203    0.715091    0.715069  0.00139487
     1.48768    0.687131    0.692961   0.0017253
     1.51333    0.672225    0.679632  0.00310233
     1.53898    0.670844     0.67818  0.00208391
     1.56463    0.666195     0.67469  0.00342735
     1.59028    0.675526    0.679922  0.00185909
     1.61593    0.693165    0.691108  0.00269501
     1.64158     0.70301    0.712138   0.0026994
     1.66723    0.729439    0.729632  0.00411166
     1.69288    0.752476    0.754409  0.00485885
     1.71853    0.778964    0.780447  0.00151343
     1.74418    0.818795    0.813685  0.00359844
     1.76983    0.858468    0.853067  0.00371877
     1.79547    0.894377    0.896705   0.0017412
     1.82112    0.931257    0.931634  0.00212789
     1.84677    0.978554    0.975979  0.00296086
     1.87242     1.01119     1.01406  0.00196517
     1.89807     1.04884     1.05538   0.0027221
     1.92372     1.08156     1.08996  0.00371678
     1.94937     1.12903     1.12869  0.00215857
     1.97502      1.1652     1.16116  0.00280976
     2.00067      1.1828      1.1847  0.00108168
     2.02632     1.20976     1.19784  0.00428411
     2.05197     1.21856     1.21258  0.00252589
     2.07762     1.22557     1.21013  0.00347647
     2.10327     1.21883     1.20927  0.00419145
     2.12892     1.20179     1.19173   0.0039972
     2.15457     1.18764      1.1732  0.00355416
     2.18022     1.15486      1.1483  0.00251273
     2.20587     1.13467     1.12209  0.00324076
     2.23152     1.10306     1.09435  0.00267279
     2.25717     1.06819     1.06556  0.00195555
     2.28282     1.04012      1.0402  0.00268493
     2.30847     1.00408     1.01297  0.00242875
     2.33412    0.986284    0.987865  0.00294746
     2.35977     0.96294    0.963853  0.00100543
     2.38542    0.947022    0.954011  0.00241113
     2.41107    0.922148    0.932369  0.00251388
     2.43672    0.908658    0.920885  0.00263226
     2.46237    0.897793    0.911531  0.00307018
     2.48802    0.884623    0.898059  0.00276291
     2.51366    0.880239    0.889749  0.00211099
     2.53931    0.889596    0.891537  0.00095052

           0           0           0           0
   0.0256496           0           0           0
   0.0512993           0           0           0
   0.0769489           0           0           0
    0.102599           0           0           0
    0.128248           0           0           0
    0.153898           0           0           0
    0.179547           0           0           0
    0.205197           0           0           0
    0.230847           0           0           0
    0.256496           0           0           0
    0.282146           0           0           0
    0.307796           0           0           0
    0.333445           0           0           0
    0.359095           0           0           0
    0.384745           0           0           0
    0.410394           0           0           0
    0.436044           0           0           0
    0.461694           0           0           0
    0.487343           0           0           0
    0.512993           0           0           0
    0.538642           0           0           0
    0.564292           0           0           0
    0.589942           0           0           0
    0.615591           0           0           0
    0.641241           0           0           0
    0.666891           0           0           0
     0.69254           0           0           0
     0.71819           0           0           0
     0.74384           0           0           0
    0.769489           0           0           0
    0.795139           0           0           0
    0.820788           0           0           0
    0.846438           0           0           0
    0.872088 0.000855915   0.0011092 8.04542e-05
    0.897737   0.0239049   0.0242101 0.000553799
    0.923387    0.159602     0.16405  0.00144255
    0.949037    0.543548    0.565126  0.00464656
    0.974686     1.19008     1.20569  0.00603115
     1.00034     1.80714     1.85597     0.01074
     1.02599     2.31478     2.33431   0.0079821
     1.05164     2.55354     2.55798  0.00606669
     1.07728      2.5644     2.54877  0.00378762
     1.10293     2.41048     2.40598  0.00640455
     1.12858     2.23354      2.2013  0.00967779
     1.15423     1.98843     1.97246   0.0033312
     1.17988     1.77146     1.75795  0.00666682
     1.20553     1.57213     1.55912  0.00474425
     1.23118     1.39478     1.38908  0.00460638
     1.25683     1.25687     1.23714   0.0042802
     1.28248      1.1358     1.11824   0.0033391
     1.30813     1.02342     1.02302  0.00242152
     1.33378    0.945963     0.93871  0.00498712
     1.35943    0.877804     0.86982  0.00314391
     1.38508    0.826655     0.81977  0.00180521
     1.41073    0.781188    0.774917  0.00215882
     1.43638    0.748811    0.738673  0.00245847
     1.46203    0.715157    0.715081  0.00119566
     1.48768    0.700528    0.694042  0.00178562
     1.51333    0.681722    0.679931  0.00267347
     1.53898    0.666371    0.676493  0.00237281
     1.56463    0.657306    0.672206  0.00373046
     1.59028    0.667478    0.678144  0.00229091
     1.61593    0.678871     0.68936  0.00282049
     1.64158    0.689576    0.708914  0.00377598
     1.66723    0.713342    0.727305  0.00413063
     1.69288    0.747062     0.75336   0.0042766
     1.71853    0.771346    0.779147  0.00176969
     1.74418     0.80158    0.811956  0.00347512
     1.76983    0.836894    0.850757  0.00383873
     1.79547    0.892327    0.896079  0.00160084
     1.82112    0.928894    0.931242  0.00185956
     1.84677    0.963547    0.974203  0.00302402
     1.87242     1.00897     1.01333  0.00181407
     1.89807     1.05553      1.0554  0.00233331
     1.92372     1.08648     1.08947  0.00321898
     1.94937     1.12326     1.12792  0.00198499
     1.97502     1.15236      1.1599  0.00267499
     2.00067     1.17902     1.18389  0.00119284
     2.02632     1.20238     1.19849  0.00372075
     2.05197     1.22479     1.21433  0.00270103
     2.07762     1.22161     1.21177  0.00334426
     2.10327     1.21487     1.21007  0.00366805
     2.12892     1.22371      1.1963  0.00544362
     2.15457     1.19613     1.17648  0.00429814
     2.18022     1.15652     1.14947  0.00241307
     2.20587     1.14485     1.12534  0.00409547
     2.23152     1.11383     1.09713  0.00344756
     2.25717      1.0795     1.06755  0.00249208
     2.28282      1.0442     1.04077  0.00236145
     2.30847     1.01483     1.01324  0.00209625
     2.33412    0.994794    0.988855  0.00268748
     2.35977    0.974881    0.965428  0.00169418
     2.38542    0.949628    0.953385  0.00214644
     2.41107    0.931543    0.932251  0.00215752
     2.43672    0.913214    0.919789  0.00247382
     2.46237    0.900458    0.909949  0.00301168
     2.48802    0.892921    0.897325  0.00246377
     2.51366    0.881754    0.888607  0.00209578
     2.53931    0.876865    0.889441  0.00210458

           0           0           0           0
   0.0256496           0           0           0
   0.0512993           0           0           0
   0.0769489           0           0           0
    0.102599           0           0           0
    0.128248           0           0           0
    0.153898           0           0           0
    0.179547           0           0           0
    0.205197           0           0           0
    0.230847           0           0           0
    0.256496           0           0           0
    0.282146           0           0           0
    0.307796           0           0           0
    0.333445           0           0           0
    0.359095           0           0           0
    0.384745           0           0           0
    0.410394           0           0           0
    0.436044           0           0           0
    0.461694           0           0           0
    0.487343           0           0           0
    0.512993           0           0           0
    0.538642           0           0           0
    0.564292           0           0           0
    0.589942           0           0           0
    0.615591           0           0           0
    0.641241           0           0           0
    0.666891           0           0           0
     0.69254           0           0           0
     0.71819           0           0           0
     0.74384           0           0           0
    0.769489           0           0           0
    0.795139           0           0           0
    0.820788           0           0           0
    0.846438           0           0           0
    0.872088 0.000794778  0.00106989  7.9419e-05
    0.897737   0.0211333   0.0238255 0.000603522
    0.923387    0.161623    0.163746  0.00129373
    0.949037    0.559848    0.564466  0.00411232
    0.974686     1.22661     1.20831   0.0058163
     1.00034     1.86968     1.85769  0.00953328
     1.02599     2.34357     2.33547  0.00706776
     1.05164      2.5412     2.55588  0.00565912
     1.07728     2.54405     2.54818   0.0033598
     1.10293     2.39163     2.40418   0.0058496
     1.12858     2.18489     2.19925  0.00868274
     1.15423     1.96582     1.97163  0.00301623
     1.17988     1.74874      1.7568  0.00593198
     1.20553     1.54994     1.55797  0.00428756
     1.23118     1.36938     1.38662  0.00464274
     1.25683      1.2485     1.23856  0.00397367
     1.28248     1.13597     1.12046  0.00358237
     1.30813     1.03434     1.02444  0.00249778
     1.33378    0.953462    0.940554  0.00469224
     1.35943    0.878948    0.870961  0.00295069
     1.38508    0.822318    0.820089  0.00160741
     1.41073    0.783692    0.776014  0.00214964
     1.43638    0.738507    0.738652  0.00215125
     1.46203    0.710468    0.714505  0.00117705
     1.48768    0.690087    0.693548  0.00162942
     1.51333    0.678721    0.679779  0.00234356
     1.53898     0.67484    0.676287  0.00208518
     1.56463    0.673295    0.672342  0.00326663
     1.59028    0.678469    0.678185  0.00200491
     1.61593    0.691342    0.689607   0.0024788
     1.64158    0.715324    0.709716  0.00338792
     1.66723    0.725606    0.727092  0.00361975
     1.69288    0.746058    0.752447  0.00383819
     1.71853    0.781328    0.779419  0.00156934
     1.74418     0.82061    0.813037  0.00320468
     1.76983    0.854958    0.851282  0.00339462
     1.79547     0.89606    0.896077  0.00140073
     1.82112    0.933306      0.9315  0.00164492
     1.84677    0.981351    0.975097  0.00277488
     1.87242     1.02397     1.01466   0.0020169
     1.89807     1.05149     1.05491  0.00209228
     1.92372     1.09079     1.08963  0.00282089
     1.94937     1.11595     1.12642   0.0022307
     1.97502     1.14923     1.15857   0.0026524
     2.00067     1.18638      1.1842  0.00108369
     2.02632     1.19801     1.19843  0.00325613
     2.05197     1.19961     1.21249  0.00292387
     2.07762     1.21094     1.21167  0.00292784
     2.10327     1.20664     1.20964  0.00323447
     2.12892     1.18924     1.19542  0.00483418
     2.15457     1.16453     1.17498  0.00401184
     2.18022     1.14832     1.14933  0.00211572
     2.20587     1.12231     1.12497  0.00360103
     2.23152     1.09989     1.09748  0.00303373
     2.25717     1.07346     1.06829  0.00228751
     2.28282     1.03871     1.04051  0.00208022
     2.30847     1.01758     1.01378  0.00190335
     2.33412    0.997914    0.989987  0.00257913
     2.35977    0.965041     0.96538   0.0014831
     2.38542    0.953723    0.953427  0.00187855
     2.41107    0.938429    0.933023  0.00202132
     2.43672    0.932069    0.921324  0.00259753
     2.46237    0.916681    0.910791  0.00275026
     2.48802    0.902452    0.897966   0.0022376
     2.51366    0.889659    0.888739  0.00183793
     2.53931    0.890559    0.889581  0.00184615

           0           0           0           0
   0.0256496           0           0           0
   0.0512993           0           0           0
   0.0769489           0           0           0
    0.102599           0           0           0
    0.128248           0           0           0
    0.153898           0           0           0
    0.179547           0           0           0
    0.205197           0           0           0
    0.230847           0           0           0
    0.256496           0           0           0
    0.282146           0           0           0
    0.307796           0           0           0
    0.333445           0           0           0
    0.359095           0           0           0
    0.384745           0           0           0
    0.410394           0           0           0
    0.436044           0           0           0
    0.461694           0           0           0
    0.487343           0           0           0
    0.512993           0           0           0
    0.538642           0           0           0
    0.564292           0           0           0
    0.589942           0           0           0
    0.615591           0           0           0
    0.641241           0           0           0
    0.666891           0           0           0
     0.69254           0           0           0
     0.71819           0           0           0
     0.74384           0           0           0
    0.769489           0           0           0
    0.795139           0           0           0
    0.820788           0           0           0
    0.846438           0           0           0
    0.872088   0.0011616  0.00108008 7.12454e-05
    0.897737   0.0240781   0.0238535 0.000537116
    0.923387     0.16206    0.163559  0.00116348
    0.949037    0.567351    0.564787  0.00366787
    0.974686     1.22292     1.20993  0.00539205
     1.00034     1.90191      1.8626  0.00965781
     1.02599     2.35453     2.33759  0.00659211
     1.05164     2.56491     2.55688  0.00511842
     1.07728      2.5337     2.54657  0.00334979
     1.10293     2.40701      2.4045   0.0052081
     1.12858     2.18452     2.19761  0.00787067
     1.15423     1.96073     1.97042  0.00291416
     1.17988     1.73141     1.75398  0.00590564
     1.20553     1.53843      1.5558  0.00432614
     1.23118     1.37587     1.38543  0.00427768
     1.25683     1.22495     1.23705  0.00380918
     1.28248     1.11614     1.11998  0.00321632
     1.30813     1.02257     1.02423   0.0022289
     1.33378    0.925766    0.938911   0.0044493
     1.35943    0.876405    0.871566  0.00268412
     1.38508    0.830869    0.821286   0.0018212
     1.41073     0.78166    0.776641  0.00200024
     1.43638    0.747352    0.739619  0.00211829
     1.46203    0.715597    0.714626   0.0010525
     1.48768    0.708332     0.69519  0.00212045
     1.51333    0.681989    0.680025  0.00209598
     1.53898    0.667643    0.675326  0.00206284
     1.56463    0.681683     0.67338  0.00306413
     1.59028    0.677612    0.678121  0.00178315
     1.61593    0.691685    0.689838   0.0022141
     1.64158    0.709831    0.709728  0.00301151
     1.66723    0.725233    0.726886  0.00322345
     1.69288    0.752953    0.752503  0.00341213
     1.71853    0.789602    0.780551  0.00175603
     1.74418     0.81467    0.813219  0.00285373
     1.76983    0.857112     0.85193  0.00307864
     1.79547    0.897437    0.896228  0.00125322
     1.82112    0.941121    0.932569  0.00177586
     1.84677    0.978693    0.975496  0.00249516
     1.87242     1.00939     1.01408   0.0018761
     1.89807     1.06085     1.05557  0.00196107
     1.92372     1.10924     1.09181  0.00324146
     1.94937     1.12666     1.12645  0.00198301
     1.97502     1.16196     1.15895  0.00238421
     2.00067     1.18434     1.18421 0.000963389
     2.02632     1.19409     1.19795  0.00292989
     2.05197     1.21794     1.21309   0.0026611
     2.07762     1.20173     1.21056  0.00280321
     2.10327      1.1904      1.2075   0.0035112
     2.12892     1.18374     1.19412   0.0044678
     2.15457     1.16316     1.17367  0.00377484
     2.18022     1.13754     1.14802  0.00224981
     2.20587     1.10161     1.12237  0.00402913
     2.23152     1.09106     1.09676   0.0027793
     2.25717     1.05954     1.06732  0.00223021
     2.28282     1.03362     1.03975  0.00198521
     2.30847     1.01345     1.01374  0.00169222
     2.33412    0.989422    0.989924  0.00229332
     2.35977    0.969676    0.965857  0.00139302
     2.38542    0.954897     0.95359  0.00167691
     2.41107    0.939937    0.933792   0.0019372
     2.43672    0.929635    0.922248  0.00246762
     2.46237    0.922909    0.912137  0.00275465
     2.48802    0.910574    0.899367  0.00238757
     2.51366    0.896477    0.889599   0.0018238
     2.53931    0.897734    0.890487  0.00184996

           0           0           0           0
   0.0256496           0           0           0
   0.0512993           0           0           0
   0.0769489           0           0           0
    0.102599           0           0           0
    0.128248           0           0           0
    0.153898           0           0           0
    0.179547           0           0           0
    0.205197           0           0           0
    0.230847           0           0           0
    0.256496           0           0           0
    0.282146           0           0           0
    0.307796           0           0           0
    0.333445           0           0           0
    0.359095           0           0           0
    0.384745           0           0           0
    0.410394           0           0           0
    0.436044           0           0           0
    0.461694           0           0           0
    0.487343           0           0           0
    0.512993           0           0           0
    0.538642           0           0           0
    0.564292           0           0           0
    0.589942           0           0           0
    0.615591           0           0           0
    0.641241           0           0           0
    0.666891           0           0           0
     0.69254           0           0           0
     0.71819           0           0           0
     0.74384           0           0           0
    0.769489           0           0           0
    0.795139           0           0           0
    0.820788           0           0           0
    0.846438           0           0           0
    0.872088   0.0011616  0.00108824 6.45855e-05
    0.897737    0.024771   0.0239453 0.000491177
    0.923387    0.171946    0.164398  0.00131514
    0.949037     0.56761    0.565069  0.00331192
    0.974686     1.19268      1.2082  0.00512129
     1.00034      1.8694     1.86328  0.00871597
     1.02599     2.31385     2.33522    0.006346
     1.05164     2.56279     2.55747  0.00464058
     1.07728      2.5681     2.54873  0.00364165
     1.10293     2.40617     2.40466  0.00468997
     1.12858     2.20355      2.1982  0.00710602
     1.15423     1.98519      1.9719   0.0029738
     1.17988     1.75053     1.75363  0.00532516
     1.20553     1.56507     1.55673  0.00399163
     1.23118       1.388     1.38568  0.00385765
     1.25683     1.24378     1.23772  0.00348718
     1.28248     1.12227     1.12021  0.00290286
     1.30813     1.03203     1.02501  0.00213818
     1.33378    0.938227    0.938843  0.00400489
     1.35943     0.86143    0.870553  0.00260005
     1.38508    0.803821     0.81954  0.00233068
     1.41073    0.763847    0.775362  0.00217118
     1.43638    0.736729     0.73933  0.00192607
     1.46203    0.715025    0.714666 0.000948005
     1.48768    0.691767    0.694848  0.00193584
     1.51333    0.671115    0.679134   0.0020671
     1.53898    0.675377    0.675331  0.00185656
     1.56463    0.670928    0.673135  0.00276751
     1.59028    0.683052    0.678614  0.00167162
     1.61593    0.687787    0.689633  0.00200217
     1.64158    0.704706    0.709226  0.00275192
     1.66723    0.730728     0.72727  0.00292392
     1.69288    0.750666     0.75232  0.00307586
     1.71853     0.79032    0.781528  0.00183214
     1.74418    0.821028       0.814  0.00267308
     1.76983    0.860322    0.852769  0.00288288
     1.79547    0.894596    0.896065  0.00113847
     1.82112    0.939427    0.933255  0.00172562
     1.84677    0.972767    0.975223  0.00226052
     1.87242     1.02348     1.01502  0.00190949
     1.89807     1.05533     1.05555  0.00176511
     1.92372     1.08417     1.09105  0.00300607
     1.94937     1.11969     1.12577  0.00189641
     1.97502     1.15787     1.15884  0.00214821
     2.00067     1.17942     1.18373 0.000978885
     2.02632     1.19326     1.19748  0.00267418
     2.05197     1.20747     1.21253  0.00245377
     2.07762     1.20466     1.20997  0.00258426
     2.10327     1.20847      1.2076  0.00316141
     2.12892     1.19627     1.19434  0.00402621
     2.15457       1.184      1.1747  0.00353582
     2.18022     1.14471     1.14769  0.00204904
     2.20587     1.12378     1.12251  0.00362869
     2.23152     1.08755     1.09584  0.00264975
     2.25717     1.07213      1.0678  0.00205853
     2.28282     1.03336     1.03911  0.00188657
     2.30847     1.01321     1.01369  0.00152383
     2.33412    0.982607    0.989193  0.00217758
     2.35977    0.964598    0.965731  0.00125939
     2.38542      0.9528    0.953511  0.00151108
     2.41107    0.928431    0.933256  0.00181615
     2.43672    0.924736    0.922496  0.00223338
     2.46237    0.914618    0.912385  0.00249033
     2.48802    0.897576    0.899188  0.00215553
     2.51366    0.892292    0.889868  0.00166119
     2.53931    0.895499    0.890988  0.00173153

           0           0           0           0
   0.0256496           0           0           0
   0.0512993           0           0           0
   0.0769489           0           0           0
    0.102599           0           0           0
    0.128248           0           0           0
    0.153898           0           0           0
    0.179547           0           0           0
    0.205197           0           0           0
    0.230847           0           0           0
    0.256496           0           0           0
    0.282146           0           0           0
    0.307796           0           0           0
    0.333445           0           0           0
    0.359095           0           0           0
    0.384745           0           0           0
    0.410394           0           0           0
    0.436044           0           0           0
    0.461694           0           0           0
    0.487343           0           0           0
    0.512993           0           0           0
    0.538642           0           0           0
    0.564292           0           0           0
    0.589942           0           0           0
    0.615591           0           0           0
    0.641241           0           0           0
    0.666891           0           0           0
     0.69254           0           0           0
     0.71819           0           0           0
     0.74384           0           0           0
    0.769489           0           0           0
    0.795139           0           0           0
    0.820788           0           0           0
    0.846438           0           0           0
    0.872088  0.00122274  0.00110046 5.98603e-05
    0.897737    0.024771   0.0240203 0.000452224
    0.923387    0.172766    0.165159   0.0013984
    0.949037    0.609163    0.569078  0.00486543
    0.974686     1.23996     1.21109  0.00540845
     1.00034     1.84982     1.86206   0.0080091
     1.02599     2.36026     2.33749  0.00616384
     1.05164     2.54158     2.55603  0.00443789
     1.07728     2.52524     2.54659  0.00388649
     1.10293     2.39852     2.40411  0.00429679
     1.12858     2.18937      2.1974  0.00650524
     1.15423     1.96786     1.97153  0.00272594
     1.17988     1.72307     1.75085  0.00551874
     1.20553     1.53811     1.55503  0.00397147
     1.23118     1.36288     1.38361  0.00402561
     1.25683     1.25762     1.23953  0.00360886
     1.28248     1.12495     1.12064  0.00267087
     1.30813     1.02196     1.02473  0.00196168
     1.33378     0.94261    0.939185  0.00365543
     1.35943    0.880244    0.871434  0.00250853
     1.38508    0.815336    0.819158  0.00214991
     1.41073    0.776273    0.775444  0.00197539
     1.43638    0.738598    0.739263  0.00175212
     1.46203    0.710072    0.714248 0.000949353
     1.48768    0.700889    0.695397  0.00183611
     1.51333    0.669409     0.67825  0.00205957
     1.53898    0.676888    0.675473  0.00169317
     1.56463    0.669023    0.672761  0.00254103
     1.59028    0.674222    0.678215  0.00156663
     1.61593    0.686542    0.689352  0.00183977
     1.64158      0.7067    0.708997  0.00251131
     1.66723    0.732306    0.727728  0.00269371
     1.69288    0.753463    0.752424    0.002798
     1.71853    0.784554    0.781803  0.00168612
     1.74418    0.827465    0.815224  0.00269582
     1.76983    0.856992    0.853153  0.00264624
     1.79547    0.905577     0.89693  0.00132326
     1.82112     0.93305    0.933237  0.00156885
     1.84677    0.980534    0.975706  0.00210595
     1.87242      1.0203      1.0155  0.00179523
     1.89807      1.0616      1.0561  0.00168815
     1.92372     1.10798     1.09259  0.00310191
     1.94937     1.12852     1.12602  0.00174036
     1.97502     1.15538     1.15852  0.00197584
     2.00067     1.18228      1.1836 0.000898758
     2.02632     1.20566     1.19822  0.00253235
     2.05197     1.20413     1.21177  0.00234652
     2.07762     1.20423     1.20945  0.00240161
     2.10327     1.19641     1.20658  0.00303327
     2.12892     1.19285      1.1942  0.00366245
     2.15457     1.16965     1.17424  0.00324411
     2.18022     1.15105     1.14799  0.00188542
     2.20587     1.12552     1.12278  0.00330912
     2.23152      1.0996     1.09618  0.00243079
     2.25717     1.06044     1.06713  0.00197698
     2.28282     1.04482     1.03963  0.00178504
     2.30847     1.00738     1.01312  0.00148926
     2.33412    0.991465    0.989399   0.0019894
     2.35977    0.960669    0.965271   0.0012261
     2.38542    0.951826    0.953358  0.00138146
     2.41107    0.936514    0.933552  0.00167503
     2.43672    0.921497    0.922406  0.00203219
     2.46237    0.909663    0.912138   0.0022762
     2.48802    0.890303     0.89838  0.00210546
     2.51366    0.889674     0.88985  0.00151027
     2.53931    0.884907    0.890435  0.00166003

           0           0           0           0
   0.0256496           0           0           0
   0.0512993           0           0           0
   0.0769489           0           0           0
    0.102599           0           0           0
    0.128248           0           0           0
    0.153898           0           0           0
    0.179547           0           0           0
    0.205197           0           0           0
    0.230847           0           0           0
    0.256496           0           0           0
    0.282146           0           0           0
    0.307796           0           0           0
    0.333445           0           0           0
    0.359095           0           0           0
    0.384745           0           0           0
    0.410394           0           0           0
    0.436044           0           0           0
    0.461694           0           0           0
    0.487343           0           0           0
    0.512993           0           0           0
    0.538642           0           0           0
    0.564292           0           0           0
    0.589942           0           0           0
    0.615591           0           0           0
    0.641241           0           0           0
    0.666891           0           0           0
     0.69254           0           0           0
     0.71819           0           0           0
     0.74384           0           0           0
    0.769489           0           0           0
    0.795139           0           0           0
    0.820788           0           0           0
    0.846438           0           0           0
    0.872088  0.00134501  0.00112084 5.82377e-05
    0.897737   0.0252329   0.0241214 0.000425678
    0.923387    0.170417    0.165597  0.00134878
    0.949037    0.556122    0.567998   0.0045782
    0.974686     1.16755     1.20746  0.00605395
     1.00034     1.83638     1.85992  0.00762206
     1.02599     2.31039     2.33523  0.00604985
     1.05164     2.56469     2.55675   0.0041264
     1.07728     2.55135     2.54699  0.00358275
     1.10293     2.43093     2.40634  0.00448281
     1.12858      2.2026     2.19783  0.00597754
     1.15423     1.97387     1.97172  0.00250578
     1.17988     1.76419     1.75197  0.00516954
     1.20553     1.57229     1.55647   0.0038923
     1.23118     1.39202     1.38431  0.00375068
     1.25683      1.2719     1.24223  0.00419699
     1.28248     1.16151     1.12404  0.00407762
     1.30813     1.02147     1.02446  0.00181698
     1.33378    0.950848    0.940157  0.00347761
     1.35943     0.89316    0.873244  0.00287966
     1.38508    0.825013    0.819646  0.00202537
     1.41073    0.774171    0.775338  0.00181362
     1.43638    0.733195    0.738758  0.00167749
     1.46203    0.696096    0.712735  0.00168965
     1.48768     0.67769    0.693922  0.00219745
     1.51333    0.673972    0.677893  0.00191854
     1.53898    0.660605    0.674234  0.00195348
     1.56463    0.662097    0.671872  0.00247982
     1.59028    0.660771    0.676761  0.00199984
     1.61593    0.679611     0.68854  0.00185691
     1.64158    0.696887    0.707988  0.00249656
     1.66723    0.711646    0.726388   0.0027827
     1.69288    0.734078    0.750895  0.00295309
     1.71853    0.767752    0.780632  0.00190937
     1.74418    0.796974    0.813703  0.00286824
     1.76983    0.846039     0.85256  0.00249123
     1.79547    0.887671    0.896158  0.00142023
     1.82112    0.951214    0.934735  0.00203112
     1.84677    0.995404    0.977348  0.00248927
     1.87242     1.03618     1.01722  0.00233047
     1.89807      1.0675     1.05705  0.00179498
     1.92372     1.09827     1.09306  0.00287942
     1.94937     1.14732      1.1278  0.00233077
     1.97502     1.15933     1.15859  0.00181232
     2.00067     1.18344     1.18359 0.000823964
     2.02632      1.2005     1.19841  0.00232842
     2.05197     1.20701     1.21137  0.00218427
     2.07762     1.20661     1.20922   0.0022131
     2.10327     1.21201     1.20704  0.00281401
     2.12892     1.20326     1.19496  0.00343413
     2.15457     1.17093     1.17397  0.00298548
     2.18022     1.15619     1.14868  0.00184806
     2.20587     1.12677     1.12312  0.00304996
     2.23152     1.10013     1.09651  0.00225039
     2.25717     1.07746     1.06799  0.00199074
     2.28282      1.0524     1.04069  0.00192747
     2.30847     1.02252      1.0139  0.00155787
     2.33412    0.992855    0.989687  0.00184434
     2.35977    0.973835    0.965985  0.00131533
     2.38542    0.948088    0.952919  0.00133432
     2.41107    0.928455    0.933127  0.00158838
     2.43672    0.918201    0.922055   0.0018928
     2.46237    0.907108    0.911719  0.00212476
     2.48802    0.898119    0.898359  0.00193012
     2.51366    0.872701    0.888421   0.0019465
     2.53931    0.874807    0.889133   0.0019673

           0           0           0           0
   0.0256496           0           0           0
   0.0512993           0           0           0
   0.0769489           0           0           0
    0.102599           0           0           0
    0.128248           0           0           0
    0.153898           0           0           0
    0.179547           0           0           0
    0.205197           0           0           0
    0.230847           0           0           0
    0.256496           0           0           0
    0.282146           0           0           0
    0.307796           0           0           0
    0.333445           0           0           0
    0.359095           0           0           0
    0.384745           0           0           0
    0.410394           0           0           0
    0.436044           0           0           0
    0.461694           0           0           0
    0.487343           0           0           0
    0.512993           0           0           0
    0.538642           0           0           0
    0.564292           0           0           0
    0.589942           0           0           0
    0.615591           0           0           0
    0.641241           0           0           0
    0.666891           0           0           0
     0.69254           0           0           0
     0.71819           0           0           0
     0.74384           0           0           0
    0.769489           0           0           0
    0.795139           0           0           0
    0.820788           0           0           0
    0.846438           0           0           0
    0.872088 0.000978189  0.00110987 5.47819e-05
    0.897737   0.0266187   0.0243135 0.000434121
    0.923387      0.1584    0.165043  0.00135386
    0.949037    0.567817    0.567984  0.00422605
    0.974686     1.18537     1.20576  0.00582198
     1.00034     1.83298     1.85785    0.007312
     1.02599     2.32747     2.33464  0.00561388
     1.05164     2.54395     2.55577  0.00392474
     1.07728     2.53475     2.54605  0.00342866
     1.10293     2.42843     2.40804  0.00444848
     1.12858     2.22171     2.19967  0.00579297
     1.15423     1.98115     1.97245  0.00241566
     1.17988     1.76779     1.75318  0.00491313
     1.20553       1.587     1.55882  0.00424263
     1.23118     1.40765     1.38611  0.00386788
     1.25683     1.24767     1.24265  0.00389495
     1.28248     1.14262     1.12547  0.00400645
     1.30813     1.03916     1.02559   0.0019985
     1.33378    0.937198    0.939929  0.00321754
     1.35943    0.877295    0.873556  0.00267496
     1.38508    0.814748    0.819269  0.00190429
     1.41073    0.769139    0.774861  0.00173568
     1.43638     0.72875    0.737988  0.00171602
     1.46203     0.69724    0.711544  0.00193494
     1.48768    0.686132    0.693323  0.00210853
     1.51333    0.669985    0.677285  0.00186492
     1.53898    0.662116    0.673302  0.00201336
     1.56463    0.656613    0.670699  0.00255179
     1.59028    0.671762    0.676377  0.00188261
     1.61593    0.665101    0.686737  0.00243697
     1.64158     0.69003    0.706606  0.00265933
     1.66723     0.72218    0.726064  0.00258741
     1.69288    0.745367     0.75047  0.00275637
     1.71853    0.787286    0.781144   0.0018298
     1.74418    0.820036     0.81419  0.00268866
     1.76983    0.859764    0.853114  0.00236043
     1.79547    0.901141    0.896541  0.00136172
     1.82112    0.930388      0.9344   0.0019022
     1.84677    0.982542    0.977747  0.00232964
     1.87242     1.01729     1.01723  0.00215121
     1.89807     1.05034     1.05653  0.00172959
     1.92372     1.09739     1.09339  0.00267716
     1.94937     1.12806     1.12782  0.00215157
     1.97502     1.16056     1.15874  0.00167924
     2.00067     1.19486     1.18446  0.00112793
     2.02632     1.20647     1.19903   0.0022304
     2.05197     1.23005     1.21281  0.00244356
     2.07762     1.22282     1.21026  0.00227679
     2.10327     1.21273     1.20747  0.00263137
     2.12892     1.19503     1.19496  0.00316997
     2.15457     1.17687     1.17419  0.00276418
     2.18022     1.16027     1.14957   0.0019089
     2.20587     1.12097     1.12295  0.00281981
     2.23152     1.10259     1.09698  0.00212535
     2.25717     1.07446     1.06849  0.00189871
     2.28282     1.04349     1.04091   0.0017912
     2.30847     1.01034     1.01363  0.00146189
     2.33412    0.983555    0.989215  0.00176176
     2.35977    0.966444     0.96602  0.00121462
     2.38542    0.935718    0.951596  0.00177004
     2.41107    0.923525    0.932388  0.00162891
     2.43672    0.923507    0.922167   0.0017505
     2.46237    0.906647    0.911329  0.00199681
     2.48802    0.887532    0.897526  0.00195307
     2.51366    0.881469    0.887886  0.00186879
     2.53931    0.883363    0.888689  0.00186536

           0           0           0           0
   0.0256496           0           0           0
   0.0512993           0           0           0
   0.0769489           0           0           0
    0.102599           0           0           0
    0.128248           0           0           0
    0.153898           0           0           0
    0.179547           0           0           0
    0.205197           0           0           0
    0.230847           0           0           0
    0.256496           0           0           0
    0.282146           0           0           0
    0.307796           0           0           0
    0.333445           0           0           0
    0.359095           0           0           0
    0.384745           0           0           0
    0.410394           0           0           0
    0.436044           0           0           0
    0.461694           0           0           0
    0.487343           0           0           0
    0.512993           0           0           0
    0.538642           0           0           0
    0.564292           0           0           0
    0.589942           0           0           0
    0.615591           0           0           0
    0.641241           0           0           0
    0.666891           0           0           0
     0.69254           0           0           0
     0.71819           0           0           0
     0.74384           0           0           0
    0.769489           0           0           0
    0.795139           0           0           0
    0.820788           0           0           0
    0.846438           0           0           0
    0.872088   0.0011616  0.00111356 5.09934e-05
    0.897737   0.0255216   0.0243998   0.0004116
    0.923387    0.161678    0.164803  0.00127832
    0.949037    0.572267     0.56829  0.00393525
    0.974686     1.20525     1.20573  0.00540624
     1.00034     1.89244     1.86032  0.00719526
     1.02599     2.33049     2.33434  0.00522071
     1.05164     2.53947      2.5546  0.00381312
     1.07728     2.56206     2.54719   0.0033692
     1.10293     2.40694     2.40796  0.00413143
     1.12858     2.19308      2.1992  0.00539827
     1.15423     1.96319     1.97179  0.00233192
     1.17988     1.75224     1.75312  0.00456266
     1.20553     1.56478     1.55925  0.00396088
     1.23118     1.38587     1.38609  0.00359164
     1.25683     1.27003      1.2446  0.00407845
     1.28248     1.12107     1.12516  0.00373258
     1.30813     1.02141     1.02529  0.00187791
     1.33378    0.936802    0.939706  0.00299546
     1.35943    0.859422    0.872546  0.00266761
     1.38508    0.819844     0.81931  0.00176871
     1.41073    0.759665    0.773776  0.00192136
     1.43638    0.731349    0.737514  0.00165768
     1.46203    0.711921    0.711571  0.00179692
     1.48768     0.69081    0.693143  0.00196555
     1.51333    0.681927    0.677617  0.00176095
     1.53898    0.686073    0.674214  0.00206591
     1.56463    0.678663    0.671268  0.00243209
     1.59028    0.684039    0.676924  0.00182597
     1.61593    0.704066    0.687975  0.00255798
     1.64158    0.705756    0.706545  0.00247007
     1.66723     0.73407    0.726636  0.00246498
     1.69288    0.751242    0.750525  0.00256004
     1.71853    0.787174    0.781574  0.00174906
     1.74418    0.811909    0.814027  0.00250154
     1.76983    0.855455    0.853281  0.00219774
     1.79547    0.869208    0.894589   0.0022668
     1.82112     0.92636    0.933826    0.001851
     1.84677    0.964903     0.97683   0.0023369
     1.87242     1.00629     1.01644  0.00213473
     1.89807       1.052     1.05621  0.00163605
     1.92372     1.08723     1.09295  0.00252185
     1.94937     1.11632     1.12699  0.00214891
     1.97502     1.14916     1.15806  0.00169304
     2.00067     1.18771     1.18469  0.00107111
     2.02632     1.20089     1.19916  0.00207504
     2.05197     1.22189     1.21346  0.00235348
     2.07762     1.21398     1.21053  0.00212956
     2.10327     1.20804     1.20751  0.00244373
     2.12892     1.19864     1.19522  0.00295444
     2.15457     1.18739     1.17513  0.00272282
     2.18022     1.15727     1.15012  0.00185014
     2.20587     1.13273     1.12365   0.0027035
     2.23152     1.09664     1.09696  0.00197368
     2.25717     1.07682     1.06908  0.00185393
     2.28282     1.04746     1.04138  0.00172337
     2.30847     1.01559     1.01377   0.0013642
     2.33412    0.990309    0.989294  0.00163765
     2.35977    0.968919    0.966227  0.00114538
     2.38542    0.947231    0.951284  0.00167084
     2.41107    0.929042    0.932149     0.00153
     2.43672    0.920683    0.922061  0.00162867
     2.46237    0.917666    0.911781  0.00190479
     2.48802     0.89665    0.897463  0.00181457
     2.51366     0.89446    0.888356  0.00179332
     2.53931    0.889192    0.888725  0.00173247

           0           0           0           0
   0.0256496           0           0           0
   0.0512993           0           0           0
   0.0769489           0           0           0
    0.102599           0           0           0
    0.128248           0           0           0
    0.153898           0           0           0
    0.179547           0           0           0
    0.205197           0           0           0
    0.230847           0           0           0
    0.256496           0           0           0
    0.282146           0           0           0
    0.307796           0           0           0
    0.333445           0           0           0
    0.359095           0           0           0
    0.384745           0           0           0
    0.410394           0           0           0
    0.436044           0           0           0
    0.461694           0           0           0
    0.487343           0           0           0
    0.512993           0           0           0
    0.538642           0           0           0
    0.564292           0           0           0
    0.589942           0           0           0
    0.615591           0           0           0
    0.641241           0           0           0
    0.666891           0           0           0
     0.69254           0           0           0
     0.71819           0           0           0
     0.74384           0           0           0
    0.769489           0           0           0
    0.795139           0           0           0
    0.820788           0           0           0
    0.846438           0           0           0
    0.872088  0.00195638  0.00116975 7.21925e-05
    0.897737   0.0214797   0.0242051 0.000427725
    0.923387    0.172165    0.165294  0.00128387
    0.949037    0.571543    0.568507  0.00367887
    0.974686     1.20633     1.20577  0.00504597
     1.00034      1.8715     1.86106  0.00675411
     1.02599     2.32867     2.33396  0.00488634
     1.05164      2.5794     2.55626  0.00390082
     1.07728     2.57391     2.54897  0.00358459
     1.10293      2.4114     2.40819  0.00386235
     1.12858     2.20065      2.1993  0.00503926
     1.15423     1.98231     1.97249  0.00227954
     1.17988      1.7722     1.75439  0.00443233
     1.20553     1.57545     1.56033   0.0038414
     1.23118     1.39091     1.38641  0.00336654
     1.25683     1.23763     1.24414  0.00383295
     1.28248     1.11893     1.12474  0.00350673
     1.30813      1.0021     1.02375  0.00230304
     1.33378    0.929752    0.939042  0.00286832
     1.35943    0.861532    0.871812  0.00258886
     1.38508    0.793923    0.817617   0.0023235
     1.41073    0.771548    0.773627    0.001799
     1.43638    0.736911    0.737473  0.00154765
     1.46203    0.701422    0.710894  0.00179999
     1.48768     0.68879    0.692853  0.00185581
     1.51333    0.672122     0.67725  0.00168121
     1.53898    0.677445    0.674429  0.00193938
     1.56463    0.669312    0.671137  0.00227345
     1.59028    0.679829    0.677118  0.00171448
     1.61593    0.681488    0.687543  0.00242373
     1.64158    0.697727    0.705958  0.00237433
     1.66723    0.717617    0.726034  0.00237285
     1.69288    0.747128    0.750298  0.00239937
     1.71853    0.786711    0.781917  0.00166564
     1.74418    0.820238    0.814441  0.00236878
     1.76983    0.852804     0.85325  0.00205146
     1.79547    0.898257    0.894833  0.00212883
     1.82112    0.930189    0.933584  0.00174341
     1.84677    0.977211    0.976855  0.00218125
     1.87242     1.01106     1.01609  0.00202241
     1.89807      1.0636      1.0567  0.00159955
     1.92372      1.0959     1.09315  0.00236136
     1.94937     1.13766     1.12771  0.00211995
     1.97502     1.17384     1.15911  0.00187889
     2.00067     1.19506     1.18538  0.00120233
     2.02632     1.21419     1.20017  0.00216501
     2.05197     1.21846     1.21379   0.0022201
     2.07762     1.21995     1.21116  0.00207813
     2.10327     1.21544     1.20804  0.00233728
     2.12892     1.19587     1.19527  0.00275779
     2.15457     1.17289     1.17498  0.00254541
     2.18022     1.15301     1.15031  0.00173682
     2.20587     1.12891       1.124  0.00254588
     2.23152     1.09083     1.09655  0.00188392
     2.25717      1.0608     1.06853  0.00181075
     2.28282     1.03182     1.04074  0.00172224
     2.30847     1.01315     1.01373  0.00127387
     2.33412    0.990656    0.989384  0.00153099
     2.35977    0.970586    0.966518  0.00110527
     2.38542    0.944292    0.950818  0.00162317
     2.41107    0.932358    0.932163  0.00142806
     2.43672    0.910134    0.921266  0.00170315
     2.46237    0.898856     0.91092  0.00196307
     2.48802     0.88754    0.896802  0.00181018
     2.51366    0.882151    0.887942  0.00172081
     2.53931    0.884429    0.888438  0.00164047

           0           0           0           0
   0.0256496           0           0           0
   0.0512993           0           0           0
   0.0769489           0           0           0
    0.102599           0           0           0
    0.128248           0           0           0
    0.153898           0           0           0
    0.179547           0           0           0
    0.205197           0           0           0
    0.230847           0           0           0
    0.256496           0           0           0
    0.282146           0           0           0
    0.307796           0           0           0
    0.333445           0           0           0
    0.359095           0           0           0
    0.384745           0           0           0
    0.410394           0           0           0
    0.436044           0           0           0
    0.461694           0           0           0
    0.487343           0           0           0
    0.512993           0           0           0
    0.538642           0           0           0
    0.564292           0           0           0
    0.589942           0           0           0
    0.615591           0           0           0
    0.641241           0           0           0
    0.666891           0           0           0
     0.69254           0           0           0
     0.71819           0           0           0
     0.74384           0           0           0
    0.769489           0           0           0
    0.795139           0           0           0
    0.820788           0           0           0
    0.846438           0           0           0
    0.872088  0.00103933   0.0011616 6.81391e-05
    0.897737   0.0236162   0.0241683 0.000402573
    0.923387    0.163152     0.16516  0.00121058
    0.949037    0.526471     0.56588  0.00428557
    0.974686       1.154     1.20253  0.00567396
     1.00034      1.7952     1.85695  0.00748192
     1.02599     2.28998     2.33121  0.00529797
     1.05164     2.53098     2.55468  0.00396407
     1.07728     2.57661      2.5507  0.00375366
     1.10293      2.4219     2.40905  0.00371473
     1.12858     2.24243     2.20199  0.00539755
     1.15423     2.02231      1.9756  0.00369558
     1.17988     1.77755     1.75584  0.00438537
     1.20553     1.59413     1.56244  0.00414174
     1.23118     1.41968     1.38849   0.0037436
     1.25683     1.27074      1.2458  0.00393763
     1.28248       1.134     1.12532  0.00333494
     1.30813     1.03272     1.02431   0.0022263
     1.33378    0.959402    0.940315  0.00295787
     1.35943    0.873507    0.871918  0.00242922
     1.38508    0.820358    0.817789  0.00218459
     1.41073    0.779439    0.773991  0.00172284
     1.43638    0.743454    0.737847  0.00149538
     1.46203    0.695788     0.70995   0.0019192
     1.48768    0.689237    0.692627  0.00175353
     1.51333     0.66057    0.676208  0.00187166
     1.53898    0.660327    0.673548   0.0020085
     1.56463    0.658037    0.670318  0.00227401
     1.59028    0.665484    0.676391  0.00175474
     1.61593    0.661943    0.685943   0.0027501
     1.64158    0.686217    0.704724  0.00252624
     1.66723    0.710052    0.725036  0.00242571
     1.69288    0.734473    0.749309  0.00244478
     1.71853    0.774604     0.78146  0.00162303
     1.74418    0.817275    0.814618  0.00222735
     1.76983    0.854144    0.853306    0.001924
     1.79547    0.891492    0.894625    0.002006
     1.82112    0.929235    0.933312  0.00165549
     1.84677    0.971549    0.976524  0.00206998
     1.87242     1.00935     1.01566  0.00193938
     1.89807     1.05649     1.05669  0.00149964
     1.92372     1.09179     1.09306  0.00221531
     1.94937     1.12746     1.12769  0.00198751
     1.97502     1.17162     1.15989  0.00191734
     2.00067     1.17403     1.18467  0.00132005
     2.02632     1.21265     1.20095  0.00216566
     2.05197     1.23415     1.21506  0.00241866
     2.07762     1.21937     1.21167  0.00201061
     2.10327     1.21503     1.20848  0.00223157
     2.12892      1.2078     1.19605  0.00269433
     2.15457     1.17984     1.17529  0.00240434
     2.18022     1.16478     1.15121  0.00184867
     2.20587     1.13576     1.12474  0.00249066
     2.23152     1.09932     1.09672   0.0017741
     2.25717     1.06423     1.06826  0.00171736
     2.28282     1.03906     1.04063  0.00161779
     2.30847     1.01499     1.01381   0.0011967
     2.33412    0.986893    0.989229  0.00144321
     2.35977    0.967031     0.96655  0.00103666
     2.38542    0.950877    0.950821  0.00152172
     2.41107    0.931625     0.93213  0.00133921
     2.43672    0.918089    0.921067  0.00160823
     2.46237    0.905498    0.910581  0.00186939
     2.48802    0.896741    0.896798  0.00169705
     2.51366    0.881199    0.887521  0.00166407
     2.53931    0.891441    0.888626  0.00154864

           0           0           0           0
   0.0256496           0           0           0
   0.0512993           0           0           0
   0.0769489           0           0           0
    0.102599           0           0           0
    0.128248           0           0           0
    0.153898           0           0           0
    0.179547           0           0           0
    0.205197           0           0           0
    0.230847           0           0           0
    0.256496           0           0           0
    0.282146           0           0           0
    0.307796           0           0           0
    0.333445           0           0           0
    0.359095           0           0           0
    0.384745           0           0           0
    0.410394           0           0           0
    0.436044           0           0           0
    0.461694           0           0           0
    0.487343           0           0           0
    0.512993           0           0           0
    0.538642           0           0           0
    0.564292           0           0           0
    0.589942           0           0           0
    0.615591           0           0           0
    0.641241           0           0           0
    0.666891           0           0           0
     0.69254           0           0           0
     0.71819           0           0           0
     0.74384           0           0           0
    0.769489           0           0           0
    0.795139           0           0           0
    0.820788           0           0           0
    0.846438           0           0           0
    0.872088 0.000917052  0.00114721 6.56318e-05
    0.897737   0.0233275   0.0241188 0.000381919
    0.923387    0.171728    0.165546  0.00119944
    0.949037    0.567972    0.566003  0.00403524
    0.974686     1.21909     1.20351  0.00542321
     1.00034     1.86628      1.8575  0.00706192
     1.02599     2.34375     2.33195  0.00503741
     1.05164     2.51382     2.55227  0.00439941
     1.07728     2.54039     2.55009  0.00358153
     1.10293     2.35817     2.40606  0.00454447
     1.12858     2.19911     2.20182  0.00508271
     1.15423     1.96611     1.97504  0.00352017
     1.17988     1.74666      1.7553  0.00416052
     1.20553     1.55555     1.56203  0.00391785
     1.23118      1.3923     1.38871  0.00353009
     1.25683     1.24101     1.24552  0.00371605
     1.28248     1.13608     1.12596  0.00319828
     1.30813     1.02989     1.02464  0.00211943
     1.33378    0.942901    0.940467  0.00278779
     1.35943    0.875897    0.872152  0.00229757
     1.38508    0.828786    0.818436  0.00214973
     1.41073    0.785275    0.774654  0.00174469
     1.43638     0.74644    0.738353  0.00149039
     1.46203    0.712912    0.710124   0.0018142
     1.48768    0.702314    0.693197  0.00174051
     1.51333    0.678803     0.67636  0.00176777
     1.53898     0.67148    0.673426  0.00189403
     1.56463    0.677027    0.670713  0.00217422
     1.59028    0.676066    0.676372  0.00165162
     1.61593    0.683419    0.685794  0.00259233
     1.64158    0.704619    0.704718  0.00237764
     1.66723    0.721145    0.724807  0.00229379
     1.69288     0.75083    0.749399   0.0023026
     1.71853    0.773678    0.781002  0.00159081
     1.74418    0.813274    0.814539  0.00209773
     1.76983    0.847847    0.852984  0.00183742
     1.79547    0.902927    0.895113  0.00194654
     1.82112    0.930858    0.933167  0.00156439
     1.84677    0.971701     0.97624  0.00196755
     1.87242     1.01333     1.01553  0.00183014
     1.89807      1.0555     1.05662  0.00141305
     1.92372     1.09884      1.0934  0.00211086
     1.94937     1.13904     1.12836   0.0019795
     1.97502     1.16143     1.15998   0.0018067
     2.00067     1.18569     1.18473  0.00124377
     2.02632     1.20284     1.20106  0.00204113
     2.05197     1.21084     1.21481  0.00228913
     2.07762     1.20446     1.21124  0.00193659
     2.10327     1.19965     1.20796  0.00215989
     2.12892     1.18896     1.19563  0.00256794
     2.15457     1.15834     1.17429  0.00246081
     2.18022     1.15496     1.15143  0.00175301
     2.20587     1.12934     1.12501  0.00235886
     2.23152     1.09476     1.09661  0.00167348
     2.25717     1.06389       1.068  0.00163547
     2.28282     1.04268     1.04075  0.00152712
     2.30847     1.01279     1.01375  0.00112778
     2.33412    0.984302    0.988939   0.0013871
     2.35977    0.967226     0.96659 0.000976439
     2.38542     0.95429    0.951025  0.00144582
     2.41107    0.937427    0.932441  0.00129618
     2.43672    0.921193    0.921075  0.00151365
     2.46237    0.923386    0.911334  0.00190515
     2.48802    0.891689    0.896497  0.00162361
     2.51366     0.89059    0.887701  0.00157594
     2.53931    0.883834    0.888344  0.00148298

           0           0           0           0
   0.0256496           0           0           0
   0.0512993           0           0           0
   0.0769489           0           0           0
    0.102599           0           0           0
    0.128248           0           0           0
    0.153898           0           0           0
    0.179547           0           0           0
    0.205197           0           0           0
    0.230847           0           0           0
    0.256496           0           0           0
    0.282146           0           0           0
    0.307796           0           0           0
    0.333445           0           0           0
    0.359095           0           0           0
    0.384745           0           0           0
    0.410394           0           0           0
    0.436044           0           0           0
    0.461694           0           0           0
    0.487343           0           0           0
    0.512993           0           0           0
    0.538642           0           0           0
    0.564292           0           0           0
    0.589942           0           0           0
    0.615591           0           0           0
    0.641241           0           0           0
    0.666891           0           0           0
     0.69254           0           0           0
     0.71819           0           0           0
     0.74384           0           0           0
    0.769489           0           0           0
    0.795139           0           0           0
    0.820788           0           0           0
    0.846438           0           0           0
    0.872088 0.000489094  0.00111065 7.14475e-05
    0.897737   0.0246555   0.0241487 0.000361863
    0.923387    0.155451    0.164985  0.00125711
    0.949037    0.542306    0.564686  0.00402008
    0.974686     1.17938     1.20216  0.00528498
     1.00034     1.81731     1.85526  0.00701363
     1.02599     2.30857     2.33065  0.00492217
     1.05164     2.53262     2.55118  0.00428827
     1.07728     2.51621     2.54821   0.0038454
     1.10293     2.41224      2.4064  0.00430499
     1.12858     2.18503     2.20089  0.00488518
     1.15423     1.97809     1.97521  0.00332867
     1.17988     1.78048      1.7567  0.00415797
     1.20553     1.58181     1.56313  0.00385114
     1.23118     1.41297     1.39006  0.00358189
     1.25683     1.25964      1.2463  0.00359142
     1.28248     1.14165     1.12683  0.00313717
     1.30813     1.03645     1.02529  0.00210083
     1.33378    0.959032    0.941498  0.00281725
     1.35943    0.900711    0.873739  0.00266197
     1.38508    0.829276    0.819038  0.00211298
     1.41073    0.794488    0.775756  0.00196515
     1.43638    0.749039    0.738946  0.00152124
     1.46203    0.717842    0.710553  0.00176335
     1.48768    0.687514    0.692881   0.0016722
     1.51333      0.6935    0.677313  0.00190886
     1.53898    0.667921     0.67312  0.00181333
     1.56463    0.671236    0.670742  0.00205363
     1.59028     0.66813    0.675914   0.0016221
     1.61593    0.689213    0.685984  0.00245526
     1.64158    0.694981    0.704177  0.00230627
     1.66723    0.706778    0.723805  0.00237499
     1.69288    0.742635    0.749023  0.00220512
     1.71853    0.761603    0.779924  0.00183147
     1.74418    0.801766     0.81383  0.00209778
     1.76983    0.835011    0.851986  0.00198824
     1.79547    0.880848     0.89432  0.00199321
     1.82112    0.934502    0.933242  0.00147923
     1.84677     0.96896    0.975835  0.00189936
     1.87242    0.997114      1.0145  0.00199396
     1.89807     1.04664     1.05606  0.00143922
     1.92372     1.08611       1.093  0.00203213
     1.94937     1.12731      1.1283  0.00187038
     1.97502     1.14951      1.1594  0.00179754
     2.00067     1.17717     1.18431   0.0012436
     2.02632     1.21107     1.20161  0.00200208
     2.05197     1.21707     1.21494  0.00216538
     2.07762     1.20352     1.21082   0.0018759
     2.10327     1.21204     1.20819  0.00205177
     2.12892     1.19333     1.19551  0.00242846
     2.15457     1.18007     1.17461  0.00234498
     2.18022     1.16456     1.15216  0.00180083
     2.20587     1.13569      1.1256  0.00230121
     2.23152     1.11435     1.09759  0.00184826
     2.25717     1.07734     1.06852  0.00162485
     2.28282     1.04718     1.04111  0.00148343
     2.30847     1.02702     1.01448  0.00128379
     2.33412    0.996437    0.989355  0.00137115
     2.35977    0.970033    0.966781 0.000940747
     2.38542    0.962639    0.951671  0.00150257
     2.41107    0.932595     0.93245  0.00122419
     2.43672    0.919869    0.921008  0.00143104
     2.46237    0.917181    0.911659  0.00182679
     2.48802    0.904825     0.89696  0.00159797
     2.51366    0.894077    0.888056  0.00152768
     2.53931     0.88684    0.888261  0.00140295

           0           0           0           0
   0.0256496           0           0           0
   0.0512993           0           0           0
   0.0769489           0           0           0
    0.102599           0           0           0
    0.128248           0           0           0
    0.153898           0           0           0
    0.179547           0           0           0
    0.205197           0           0           0
    0.230847           0           0           0
    0.256496           0           0           0
    0.282146           0           0           0
    0.307796           0           0           0
    0.333445           0           0           0
    0.359095           0           0           0
    0.384745           0           0           0
    0.410394           0           0           0
    0.436044           0           0           0
    0.461694           0           0           0
    0.487343           0           0           0
    0.512993           0           0           0
    0.538642           0           0           0
    0.564292           0           0           0
    0.589942           0           0           0
    0.615591           0           0           0
    0.641241           0           0           0
    0.666891           0           0           0
     0.69254           0           0           0
     0.71819           0           0           0
     0.74384           0           0           0
    0.769489           0           0           0
    0.795139           0           0           0
    0.820788           0           0           0
    0.846438           0           0           0
    0.872088  0.00213979  0.00116482 8.57962e-05
    0.897737    0.026561   0.0242756 0.000364411
    0.923387    0.162388    0.164849  0.00119836
    0.949037     0.53739     0.56325  0.00405709
    0.974686     1.20451     1.20229  0.00500827
     1.00034     1.86759     1.85591  0.00667442
     1.02599     2.34402     2.33136  0.00471311
     1.05164     2.55371     2.55131  0.00406463
     1.07728     2.55807     2.54873  0.00367788
     1.10293     2.42213     2.40723  0.00415724
     1.12858     2.20458     2.20108  0.00463193
     1.15423     2.00087     1.97656  0.00341641
     1.17988     1.76534     1.75715  0.00396392
     1.20553     1.55772     1.56285  0.00365899
     1.23118     1.38881        1.39  0.00339398
     1.25683     1.23475     1.24569   0.0034535
     1.28248     1.12476     1.12672  0.00297395
     1.30813     1.02984     1.02553  0.00200382
     1.33378     0.93828    0.941329  0.00267406
     1.35943    0.872566    0.873677  0.00252258
     1.38508    0.826924    0.819453  0.00204213
     1.41073    0.767839     0.77534  0.00190538
     1.43638     0.73584    0.738783  0.00144994
     1.46203    0.700212    0.710009  0.00175252
     1.48768    0.684473    0.692438  0.00164169
     1.51333     0.67537     0.67721  0.00181113
     1.53898     0.66643    0.672768  0.00175175
     1.56463    0.671794    0.670797  0.00194629
     1.59028    0.668577    0.675528  0.00158202
     1.61593    0.689772    0.686183  0.00233411
     1.64158    0.693161    0.703597  0.00225658
     1.66723    0.719601    0.723584  0.00226027
     1.69288    0.740595    0.748579  0.00213322
     1.71853     0.77093    0.779451  0.00179521
     1.74418    0.804791    0.813354   0.0020406
     1.76983    0.856736    0.852236  0.00189925
     1.79547    0.893278    0.894266  0.00188906
     1.82112    0.948509    0.934045  0.00160486
     1.84677    0.975093    0.975796  0.00179979
     1.87242     1.01325     1.01444   0.0018901
     1.89807     1.06598     1.05659  0.00145498
     1.92372     1.09891     1.09331  0.00194887
     1.94937     1.12513     1.12813  0.00177934
     1.97502      1.1673     1.15982  0.00175033
     2.00067     1.18709     1.18446  0.00118671
     2.02632     1.19543     1.20129  0.00192295
     2.05197       1.216       1.215  0.00205213
     2.07762     1.21424       1.211   0.0017858
     2.10327     1.20406     1.20797  0.00195527
     2.12892     1.20262     1.19588  0.00232934
     2.15457     1.17397     1.17458   0.0022218
     2.18022     1.16332     1.15275  0.00179928
     2.20587      1.1342     1.12605  0.00222414
     2.23152     1.10039     1.09774  0.00175684
     2.25717     1.07892     1.06907  0.00162894
     2.28282     1.03828     1.04096  0.00141283
     2.30847     1.01875     1.01471  0.00123568
     2.33412    0.982416     0.98899  0.00134675
     2.35977     0.97153    0.967031 0.000923845
     2.38542    0.944151    0.951275  0.00147469
     2.41107    0.929995    0.932321  0.00116656
     2.43672    0.917914    0.920845  0.00136495
     2.46237    0.911133    0.911631  0.00173086
     2.48802    0.905185    0.897393  0.00157141
     2.51366    0.880749    0.887671   0.0014949
     2.53931    0.881209     0.88789  0.00137732

           0           0           0           0
   0.0256496           0           0           0
   0.0512993           0           0           0
   0.0769489           0           0           0
    0.102599           0           0           0
    0.128248           0           0           0
    0.153898           0           0           0
    0.179547           0           0           0
    0.205197           0           0           0
    0.230847           0           0           0
    0.256496           0           0           0
    0.282146           0           0           0
    0.307796           0           0           0
    0.333445           0           0           0
    0.359095           0           0           0
    0.384745           0           0           0
    0.410394           0           0           0
    0.436044           0           0           0
    0.461694           0           0           0
    0.487343           0           0           0
    0.512993           0           0           0
    0.538642           0           0           0
    0.564292           0           0           0
    0.589942           0           0           0
    0.615591           0           0           0
    0.641241           0           0           0
    0.666891           0           0           0
     0.69254           0           0           0
     0.71819           0           0           0
     0.74384           0           0           0
    0.769489           0           0           0
    0.795139           0           0           0
    0.820788           0           0           0
    0.846438  6.4841e-05 3.24205e-06 3.15996e-06
    0.872088  0.00220093  0.00121662 9.58796e-05
    0.897737   0.0277158   0.0244476 0.000384649
    0.923387    0.175114    0.165362  0.00124352
    0.949037    0.583445    0.564259  0.00397791
    0.974686     1.23574     1.20396  0.00502934
     1.00034     1.87412     1.85682  0.00640246
     1.02599     2.33146     2.33136  0.00447746
     1.05164     2.54661     2.55108   0.0038682
     1.07728     2.53104     2.54784  0.00359876
     1.10293     2.37975     2.40585  0.00417024
     1.12858      2.2005     2.20105  0.00440042
     1.15423     1.99156     1.97731  0.00332679
     1.17988     1.75632     1.75711  0.00376594
     1.20553     1.55843     1.56263  0.00348271
     1.23118      1.3842     1.38971  0.00323664
     1.25683     1.24987      1.2459  0.00328712
     1.28248     1.12758     1.12676  0.00282557
     1.30813     1.01228     1.02487  0.00201025
     1.33378     0.93997    0.941261  0.00254122
     1.35943    0.867812    0.873384  0.00241344
     1.38508    0.809529    0.818957   0.0019994
     1.41073    0.757728    0.774459   0.0020033
     1.43638    0.722732     0.73798  0.00158405
     1.46203    0.707409    0.709879  0.00166971
     1.48768    0.667313    0.691182  0.00198285
     1.51333    0.671691    0.676934  0.00174148
     1.53898    0.666092    0.672435  0.00169566
     1.56463    0.666003    0.670558  0.00186368
     1.59028    0.680332    0.675768  0.00152105
     1.61593    0.681326    0.685941  0.00223001
     1.64158    0.699494    0.703392  0.00215305
     1.66723    0.721331    0.723471  0.00215006
     1.69288    0.756294    0.748965  0.00206113
     1.71853    0.781408    0.779549  0.00170811
     1.74418    0.837034    0.814538  0.00225606
     1.76983    0.865805    0.852914  0.00192166
     1.79547    0.902722    0.894688  0.00184132
     1.82112    0.947968    0.934741  0.00166879
     1.84677     1.00263    0.977138  0.00215258
     1.87242     1.03254     1.01534  0.00200064
     1.89807     1.07127     1.05732   0.0015566
     1.92372     1.09061     1.09317  0.00185608
     1.94937     1.13823     1.12864  0.00176052
     1.97502     1.16581     1.16012  0.00168825
     2.00067     1.19004     1.18474  0.00115976
     2.02632     1.20489     1.20147   0.0018352
     2.05197     1.20779     1.21464  0.00198087
     2.07762     1.21977     1.21143  0.00174959
     2.10327     1.20214     1.20768  0.00187909
     2.12892      1.1959     1.19588  0.00221287
     2.15457     1.17904      1.1748  0.00212191
     2.18022     1.14518     1.15237  0.00174863
     2.20587     1.12203     1.12585  0.00212201
     2.23152     1.07828     1.09677  0.00191957
     2.25717     1.05277     1.06826   0.0017395
     2.28282      1.0268     1.04025  0.00150916
     2.30847     1.00021     1.01398  0.00137004
     2.33412    0.969821    0.988032  0.00158416
     2.35977    0.955821     0.96647  0.00103379
     2.38542    0.932988    0.950361   0.0016604
     2.41107    0.925432    0.931976  0.00115797
     2.43672    0.918273    0.920716  0.00130275
     2.46237    0.895925    0.910846  0.00181373
     2.48802    0.899398    0.897493  0.00149604
     2.51366    0.885579    0.887566  0.00142381
     2.53931    0.891221    0.888056  0.00131849

           0           0           0           0
   0.0256496           0           0           0
   0.0512993           0           0           0
   0.0769489           0           0           0
    0.102599           0           0           0
    0.128248           0           0           0
    0.153898           0           0           0
    0.179547           0           0           0
    0.205197           0           0           0
    0.230847           0           0           0
    0.256496           0           0           0
    0.282146           0           0           0
    0.307796           0           0           0
    0.333445           0           0           0
    0.359095           0           0           0
    0.384745           0           0           0
    0.410394           0           0           0
    0.436044           0           0           0
    0.461694           0           0           0
    0.487343           0           0           0
    0.512993           0           0           0
    0.538642           0           0           0
    0.564292           0           0           0
    0.589942           0           0           0
    0.615591           0           0           0
    0.641241           0           0           0
    0.666891           0           0           0
     0.69254           0           0           0
     0.71819           0           0           0
     0.74384           0           0           0
    0.769489           0           0           0
    0.795139           0           0           0
    0.820788           0           0           0
    0.846438           0 3.08767e-06 3.01325e-06
    0.872088  0.00195638  0.00125185 9.75707e-05
    0.897737   0.0255794   0.0245015 0.000370089
    0.923387    0.171127    0.165636  0.00121423
    0.949037     0.55783    0.563953  0.00380025
    0.974686     1.21418     1.20445  0.00481336
     1.00034     1.85126     1.85656  0.00610305
     1.02599     2.34566     2.33204  0.00431571
     1.05164     2.53774     2.55044   0.0037358
     1.07728     2.53128     2.54706  0.00351275
     1.10293     2.39429      2.4053  0.00400787
     1.12858     2.19495     2.20076  0.00420046
     1.15423     1.97848     1.97737  0.00316883
     1.17988     1.75268      1.7569  0.00359251
     1.20553     1.54875     1.56197  0.00337898
     1.23118     1.38376     1.38942  0.00309486
     1.25683     1.25447     1.24631  0.00315579
     1.28248     1.12416     1.12664  0.00269374
     1.30813     1.02824     1.02503  0.00192094
     1.33378    0.940287    0.941215  0.00242064
     1.35943     0.86949    0.873198  0.00230562
     1.38508    0.819599    0.818987  0.00190442
     1.41073    0.776297    0.774547  0.00190981
     1.43638    0.737253    0.737946    0.001509
     1.46203    0.720395    0.710379  0.00166361
     1.48768    0.702505    0.691721  0.00196037
     1.51333    0.682647    0.677206  0.00167966
     1.53898    0.682097    0.672895  0.00167618
     1.56463    0.680144    0.671014  0.00182999
     1.59028    0.684803    0.676198  0.00150824
     1.61593     0.68831    0.686053  0.00212667
     1.64158    0.710076     0.70371  0.00207392
     1.66723    0.731899    0.723873   0.0020848
     1.69288    0.741352    0.748602  0.00199461
     1.71853    0.780561    0.779597  0.00162746
     1.74418    0.807505    0.814203  0.00217335
     1.76983    0.850062    0.852779  0.00183494
     1.79547    0.886514    0.894299  0.00179431
     1.82112    0.927897    0.934415  0.00162084
     1.84677    0.953052    0.975991  0.00233574
     1.87242     1.01351     1.01526  0.00190728
     1.89807     1.05148     1.05704  0.00150715
     1.92372     1.09909     1.09346  0.00178895
     1.94937     1.12419     1.12843  0.00168938
     1.97502     1.14982     1.15963  0.00167761
     2.00067     1.19599     1.18527  0.00122214
     2.02632     1.19748     1.20128   0.0017576
     2.05197     1.21313     1.21456  0.00188785
     2.07762     1.21315     1.21152  0.00166819
     2.10327     1.20595      1.2076  0.00179141
     2.12892     1.19211      1.1957  0.00211477
     2.15457     1.18083     1.17509  0.00204018
     2.18022     1.15033     1.15228  0.00166806
     2.20587     1.12862     1.12598  0.00202506
     2.23152     1.10187     1.09701   0.0018435
     2.25717     1.06941     1.06831  0.00165754
     2.28282     1.05017     1.04073  0.00150936
     2.30847      1.0169     1.01412  0.00131182
     2.33412    0.995063    0.988367  0.00154371
     2.35977    0.979159    0.967075  0.00114764
     2.38542    0.958535     0.95075  0.00162632
     2.41107    0.940149    0.932365  0.00116639
     2.43672     0.92109    0.920734  0.00124083
     2.46237    0.910109    0.910811   0.0017277
     2.48802    0.898295    0.897531  0.00142528
     2.51366    0.896072    0.887971  0.00141245
     2.53931    0.887678    0.888038  0.00125582

           0           0           0           0
   0.0256496           0           0           0
   0.0512993           0           0           0
   0.0769489           0           0           0
    0.102599           0           0           0
    0.128248           0           0           0
    0.153898           0           0           0
    0.179547           0           0           0
    0.205197           0           0           0
    0.230847           0           0           0
    0.256496           0           0           0
    0.282146           0           0           0
    0.307796           0           0           0
    0.333445           0           0           0
    0.359095           0           0           0
    0.384745           0           0           0
    0.410394           0           0           0
    0.436044           0           0           0
    0.461694           0           0           0
    0.487343           0           0           0
    0.512993           0           0           0
    0.538642           0           0           0
    0.564292           0           0           0
    0.589942           0           0           0
    0.615591           0           0           0
    0.641241           0           0           0
    0.666891           0           0           0
     0.69254           0           0           0
     0.71819           0           0           0
     0.74384           0           0           0
    0.769489           0           0           0
    0.795139           0           0           0
    0.820788           0           0           0
    0.846438           0 2.94732e-06 2.87955e-06
    0.872088 0.000978189  0.00123941 9.39252e-05
    0.897737   0.0218262   0.0243799 0.000372711
    0.923387    0.161896    0.165466  0.00117088
    0.949037    0.553225    0.563466  0.00365867
    0.974686      1.2131     1.20484  0.00461062
     1.00034     1.87346     1.85733  0.00587382
     1.02599     2.33958     2.33238  0.00413312
     1.05164     2.56968     2.55132   0.0036669
     1.07728     2.56375     2.54781   0.0034341
     1.10293     2.38932     2.40458  0.00389094
     1.12858      2.1893     2.20024  0.00404175
     1.15423     1.96832     1.97696  0.00305137
     1.17988     1.74178     1.75621  0.00349434
     1.20553     1.55923     1.56184  0.00322767
     1.23118     1.39799     1.38981  0.00297861
     1.25683     1.24396      1.2462  0.00301416
     1.28248      1.1098     1.12587  0.00267777
     1.30813     1.01908     1.02476  0.00185256
     1.33378    0.930676    0.940736  0.00235753
     1.35943    0.872821    0.873181  0.00220089
     1.38508    0.815581    0.818832  0.00182414
     1.41073     0.77462     0.77455    0.001823
     1.43638    0.744457    0.738242  0.00146915
     1.46203    0.706551    0.710205  0.00159706
     1.48768    0.696551    0.691941  0.00188351
     1.51333    0.687888    0.677692  0.00167202
     1.53898    0.669711     0.67275  0.00160623
     1.56463    0.677643    0.671315  0.00177144
     1.59028    0.688566     0.67676   0.0015409
     1.61593     0.68804    0.686144  0.00203192
     1.64158    0.709954    0.703994  0.00199898
     1.66723    0.726166    0.723977  0.00199264
     1.69288    0.752032    0.748758  0.00191003
     1.71853    0.780769     0.77965  0.00155435
     1.74418    0.817756    0.814365  0.00208055
     1.76983    0.853888    0.852829  0.00175223
     1.79547    0.893776    0.894275  0.00171291
     1.82112    0.937392    0.934551   0.0015528
     1.84677    0.977308    0.976051  0.00223033
     1.87242     1.01366     1.01518  0.00182197
     1.89807     1.05359     1.05689   0.0014468
     1.92372       1.084     1.09303   0.0017585
     1.94937      1.1207     1.12807  0.00164873
     1.97502     1.16265     1.15976  0.00160696
     2.00067     1.19135     1.18555  0.00119743
     2.02632       1.204      1.2014  0.00168205
     2.05197     1.21312      1.2145  0.00180318
     2.07762     1.21745     1.21179  0.00161402
     2.10327     1.20456     1.20746   0.0017153
     2.12892     1.19496     1.19567  0.00201891
     2.15457     1.17525      1.1751  0.00194746
     2.18022     1.15112     1.15222  0.00159307
     2.20587     1.11997     1.12571  0.00195138
     2.23152     1.09959     1.09713  0.00176343
     2.25717     1.06027     1.06794  0.00162201
     2.28282     1.04434     1.04089  0.00144965
     2.30847     1.00615     1.01376   0.0013013
     2.33412    0.983146    0.988129  0.00149166
     2.35977    0.957301     0.96663  0.00117833
     2.38542     0.93541    0.950053  0.00169529
     2.41107    0.931046    0.932305  0.00111491
     2.43672    0.915113    0.920479  0.00121045
     2.46237    0.909187    0.910737  0.00165075
     2.48802    0.904083    0.897829  0.00139126
     2.51366    0.887372    0.887944  0.00134851
     2.53931    0.893389    0.888281  0.00122207

           0           0           0           0
   0.0256496           0           0           0
   0.0512993           0           0           0
   0.0769489           0           0           0
    0.102599           0           0           0
    0.128248           0           0           0
    0.153898           0           0           0
    0.179547           0           0           0
    0.205197           0           0           0
    0.230847           0           0           0
    0.256496           0           0           0
    0.282146           0           0           0
    0.307796           0           0           0
    0.333445           0           0           0
    0.359095           0           0           0
    0.384745           0           0           0
    0.410394           0           0           0
    0.436044           0           0           0
    0.461694           0           0           0
    0.487343           0           0           0
    0.512993           0           0           0
    0.538642           0           0           0
    0.564292           0           0           0
    0.589942           0           0           0
    0.615591           0           0           0
    0.641241           0           0           0
    0.666891           0           0           0
     0.69254           0           0           0
     0.71819           0           0           0
     0.74384           0           0           0
    0.769489           0           0           0
    0.795139           0           0           0
    0.820788           0           0           0
    0.846438           0 2.81917e-06 2.75721e-06
    0.872088  0.00165069  0.00125729 9.15279e-05
    0.897737   0.0262723   0.0244622 0.000365474
    0.923387    0.170417    0.165682  0.00113958
    0.949037    0.578839    0.564134  0.00356013
    0.974686     1.21988     1.20549  0.00445628
     1.00034     1.85835     1.85737   0.0056186
     1.02599     2.32973     2.33227  0.00395503
     1.05164     2.55409     2.55144  0.00350945
     1.07728     2.55827     2.54827  0.00331477
     1.10293     2.35614     2.40247  0.00425374
     1.12858     2.16721     2.19881  0.00411329
     1.15423     1.96723     1.97654  0.00294787
     1.17988     1.74504     1.75573  0.00337599
     1.20553     1.55981     1.56175  0.00308854
     1.23118     1.39883      1.3902  0.00287479
     1.25683     1.26243     1.24691   0.0029645
     1.28248     1.12872       1.126  0.00256421
     1.30813     1.03376     1.02515  0.00181287
     1.33378    0.954808    0.941348  0.00233307
     1.35943    0.884821    0.873687   0.0021626
     1.38508    0.832265    0.819416  0.00183595
     1.41073     0.78114    0.774836  0.00176612
     1.43638    0.738416    0.738249  0.00140529
     1.46203    0.710116    0.710201  0.00152763
     1.48768    0.690002    0.691857  0.00180351
     1.51333    0.674918    0.677571  0.00160367
     1.53898    0.662931    0.672323  0.00159211
     1.56463    0.663405    0.670972  0.00172748
     1.59028    0.663491    0.676183  0.00157822
     1.61593    0.677572    0.685771  0.00197746
     1.64158    0.697919     0.70373  0.00192944
     1.66723    0.724113    0.723983  0.00190601
     1.69288    0.744363    0.748567  0.00183652
     1.71853    0.764302    0.778983  0.00162371
     1.74418    0.817229    0.814489  0.00199381
     1.76983    0.863124    0.853277  0.00173227
     1.79547     0.89852     0.89446  0.00164835
     1.82112    0.952566    0.935334  0.00167121
     1.84677    0.990516     0.97668  0.00222027
     1.87242     1.03347     1.01598  0.00190839
     1.89807     1.07054     1.05748  0.00150078
     1.92372     1.10191     1.09341  0.00172396
     1.94937     1.13253     1.12827   0.0015884
     1.97502     1.15155     1.15941   0.0015763
     2.00067     1.17863     1.18525  0.00118251
     2.02632     1.18699     1.20077  0.00172164
     2.05197     1.19837      1.2138   0.0018561
     2.07762     1.21598     1.21197  0.00155412
     2.10327     1.21402     1.20774  0.00166428
     2.12892     1.19134     1.19548  0.00193989
     2.15457     1.16357     1.17459  0.00192615
     2.18022     1.13553      1.1515  0.00168105
     2.20587     1.11532     1.12526  0.00191812
     2.23152     1.09029     1.09683  0.00171166
     2.25717     1.06147     1.06766  0.00157576
     2.28282     1.03543     1.04065  0.00140596
     2.30847     1.02414     1.01421  0.00132068
     2.33412    0.992143    0.988304  0.00143698
     2.35977    0.975026    0.966995  0.00118228
     2.38542    0.954448    0.950244  0.00163231
     2.41107    0.938959    0.932595  0.00110333
     2.43672    0.928383    0.920822  0.00120562
     2.46237    0.917001    0.911009  0.00160129
     2.48802    0.898043    0.897838   0.0013308
     2.51366    0.886029    0.887861  0.00129245
     2.53931    0.893514    0.888509  0.00118993

           0           0           0           0
   0.0256496           0           0           0
   0.0512993           0           0           0
   0.0769489           0           0           0
    0.102599           0           0           0
    0.128248           0           0           0
    0.153898           0           0           0
    0.179547           0           0           0
    0.205197           0           0           0
    0.230847           0           0           0
    0.256496           0           0           0
    0.282146           0           0           0
    0.307796           0           0           0
    0.333445           0           0           0
    0.359095           0           0           0
    0.384745           0           0           0
    0.410394           0           0           0
    0.436044           0           0           0
    0.461694           0           0           0
    0.487343           0           0           0
    0.512993           0           0           0
    0.538642           0           0           0
    0.564292           0           0           0
    0.589942           0           0           0
    0.615591           0           0           0
    0.641241           0           0           0
    0.666891           0           0           0
     0.69254           0           0           0
     0.71819           0           0           0
     0.74384           0           0           0
    0.769489           0           0           0
    0.795139           0           0           0
    0.820788           0           0           0
    0.846438           0 2.70171e-06 2.64482e-06
    0.872088 0.000611368  0.00123038 9.15857e-05
    0.897737   0.0240781   0.0244462 0.000350596
    0.923387    0.165228    0.165663  0.00109226
    0.949037    0.552086    0.563632    0.003447
    0.974686     1.21335     1.20582  0.00428261
     1.00034     1.85131     1.85712  0.00539017
     1.02599     2.29961     2.33091  0.00401754
     1.05164     2.52299     2.55025  0.00355776
     1.07728     2.54627     2.54819   0.0031777
     1.10293     2.39144     2.40201  0.00410125
     1.12858     2.17724     2.19791  0.00403885
     1.15423     1.98808     1.97702  0.00286399
     1.17988     1.76126     1.75596   0.0032432
     1.20553     1.54836      1.5612  0.00300983
     1.23118     1.38741     1.39009  0.00275735
     1.25683     1.25984     1.24745  0.00288956
     1.28248      1.1358      1.1264  0.00248968
     1.30813     1.04934     1.02616  0.00199805
     1.33378    0.965184    0.942341  0.00243811
     1.35943    0.879253    0.873919  0.00208489
     1.38508    0.842433    0.820375  0.00199425
     1.41073    0.787472    0.775363  0.00176926
     1.43638    0.762238    0.739249  0.00166467
     1.46203    0.721319    0.710665  0.00153261
     1.48768     0.70242    0.692297  0.00178126
     1.51333    0.686635    0.677949  0.00158068
     1.53898    0.678379    0.672575  0.00154564
     1.56463    0.677604    0.671248  0.00167747
     1.59028    0.678003    0.676259  0.00151428
     1.61593    0.683058    0.685658  0.00189829
     1.64158     0.70831    0.703921  0.00185846
     1.66723    0.711035    0.723443  0.00190141
     1.69288    0.748675    0.748572     0.00176
     1.71853    0.770036     0.77861  0.00159828
     1.74418    0.806435    0.814153  0.00193878
     1.76983    0.841429    0.852783    0.001729
     1.79547    0.875006    0.893649  0.00176777
     1.82112    0.922673    0.934806  0.00168278
     1.84677    0.952498    0.975672  0.00234526
     1.87242     1.00242     1.01541  0.00191065
     1.89807     1.04014     1.05676  0.00160282
     1.92372     1.07498     1.09265  0.00181525
     1.94937     1.11739     1.12781   0.0015856
     1.97502     1.13618     1.15844  0.00178302
     2.00067     1.17282     1.18473  0.00124141
     2.02632     1.18864     1.20027  0.00172256
     2.05197      1.2073     1.21353   0.0017984
     2.07762      1.2134     1.21203   0.0014905
     2.10327     1.21189     1.20792   0.0016039
     2.12892     1.20596     1.19592  0.00190759
     2.15457     1.18552     1.17505  0.00189888
     2.18022     1.15726     1.15174  0.00162806
     2.20587     1.14055      1.1259  0.00194113
     2.23152     1.10759     1.09728    0.001698
     2.25717     1.08878     1.06854  0.00173854
     2.28282     1.06094      1.0415   0.0015811
     2.30847      1.0397     1.01527  0.00163791
     2.33412     1.00848    0.989145  0.00160436
     2.35977    0.988779    0.967903  0.00143986
     2.38542    0.968674    0.951012  0.00173556
     2.41107    0.946741    0.933184  0.00120456
     2.43672    0.939003     0.92158   0.0013729
     2.46237    0.921425    0.911443  0.00159229
     2.48802    0.904955    0.898135  0.00130797
     2.51366    0.891257    0.888002  0.00124632
     2.53931    0.882827    0.888272  0.00116366

           0           0           0           0
   0.0256496           0           0           0
   0.0512993           0           0           0
   0.0769489           0           0           0
    0.102599           0           0           0
    0.128248           0           0           0
    0.153898           0           0           0
    0.179547           0           0           0
    0.205197           0           0           0
    0.230847           0           0           0
    0.256496           0           0           0
    0.282146           0           0           0
    0.307796           0           0           0
    0.333445           0           0           0
    0.359095           0           0           0
    0.384745           0           0           0
    0.410394           0           0           0
    0.436044           0           0           0
    0.461694           0           0           0
    0.487343           0           0           0
    0.512993           0           0           0
    0.538642           0           0           0
    0.564292           0           0           0
    0.589942           0           0           0
    0.615591           0           0           0
    0.641241           0           0           0
    0.666891           0           0           0
     0.69254           0           0           0
     0.71819           0           0           0
     0.74384           0           0           0
    0.769489           0           0           0
    0.795139           0           0           0
    0.820788           0           0           0
    0.846438 0.000194523 1.03746e-05 7.93501e-06
    0.872088  0.00110046  0.00122518 8.80696e-05
    0.897737   0.0239626   0.0244268 0.000337106
    0.923387    0.162552    0.165538  0.00105563
    0.949037    0.566937    0.563764  0.00331166
    0.974686     1.17511     1.20459  0.00428392
     1.00034     1.87225     1.85772  0.00520844
     1.02599      2.3398     2.33126  0.00387256
     1.05164      2.5371     2.54973  0.00345411
     1.07728     2.53777     2.54777   0.0030778
     1.10293     2.38948     2.40151  0.00396772
     1.12858     2.19242     2.19769  0.00388326
     1.15423      1.9543     1.97611  0.00289003
     1.17988      1.7411     1.75536  0.00316741
     1.20553      1.5641     1.56131  0.00289168
     1.23118     1.38401     1.38985  0.00265776
     1.25683     1.25937     1.24793  0.00281304
     1.28248     1.12752     1.12645   0.0023905
     1.30813     1.03316     1.02644  0.00193764
     1.33378    0.944142    0.942413  0.00234165
     1.35943    0.891253    0.874612  0.00211364
     1.38508    0.839468    0.821139  0.00205552
     1.41073    0.786645    0.775814   0.0017551
     1.43638    0.761736    0.740148  0.00182499
     1.46203    0.733535     0.71158  0.00172284
     1.48768    0.700996    0.692645  0.00174367
     1.51333    0.687333    0.678324  0.00156139
     1.53898     0.67826    0.672803  0.00150045
     1.56463    0.671236    0.671247  0.00161037
     1.59028    0.676792     0.67628  0.00145386
     1.61593     0.69432    0.686004  0.00185371
     1.64158    0.706316    0.704016  0.00178659
     1.66723    0.722247    0.723395  0.00182595
     1.69288    0.739821    0.748222  0.00172405
     1.71853    0.768167    0.778192    0.001588
     1.74418    0.796881    0.813463  0.00198051
     1.76983    0.851026    0.852713  0.00166127
     1.79547    0.877261    0.892994  0.00181454
     1.82112     0.92562    0.934439   0.0016551
     1.84677     0.95679    0.974917  0.00236995
     1.87242     1.00194     1.01487  0.00190875
     1.89807     1.04939     1.05646  0.00156554
     1.92372     1.07962     1.09212  0.00181584
     1.94937     1.12647     1.12776  0.00152309
     1.97502     1.15604     1.15834  0.00171427
     2.00067     1.18369     1.18469  0.00119245
     2.02632      1.2087     1.20061  0.00168632
     2.05197     1.21771     1.21369  0.00173423
     2.07762     1.21818     1.21227  0.00145107
     2.10327     1.21337     1.20813   0.0015545
     2.12892     1.18639     1.19553  0.00186895
     2.15457     1.17776     1.17516  0.00182602
     2.18022     1.16342      1.1522  0.00162865
     2.20587     1.13701     1.12634   0.0019137
     2.23152     1.10125     1.09744  0.00163751
     2.25717     1.06928     1.06857  0.00166924
     2.28282     1.04203     1.04152    0.001518
     2.30847     1.01727     1.01535  0.00157435
     2.33412    0.982555    0.988881  0.00156168
     2.35977      0.9758    0.968219  0.00141649
     2.38542    0.958202    0.951299   0.0016898
     2.41107    0.940181    0.933464  0.00118845
     2.43672    0.927178    0.921804  0.00133612
     2.46237    0.921323    0.911838  0.00157688
     2.48802    0.895976    0.898049   0.0012585
     2.51366    0.893215    0.888211  0.00121378
     2.53931    0.889391    0.888317  0.00111798

           0           0           0           0
   0.0256496           0           0           0
   0.0512993           0           0           0
   0.0769489           0           0           0
    0.102599           0           0           0
    0.128248           0           0           0
    0.153898           0           0           0
    0.179547           0           0           0
    0.205197           0           0           0
    0.230847           0           0           0
    0.256496           0           0           0
    0.282146           0           0           0
    0.307796           0           0           0
    0.333445           0           0           0
    0.359095           0           0           0
    0.384745           0           0           0
    0.410394           0           0           0
    0.436044           0           0           0
    0.461694           0           0           0
    0.487343           0           0           0
    0.512993           0           0           0
    0.538642           0           0           0
    0.564292           0           0           0
    0.589942           0           0           0
    0.615591           0           0           0
    0.641241           0           0           0
    0.666891           0           0           0
     0.69254           0           0           0
     0.71819           0           0           0
     0.74384           0           0           0
    0.769489           0           0           0
    0.795139           0           0           0
    0.820788           0           0           0
    0.846438           0 9.97553e-06 7.63984e-06
    0.872088  0.00158956   0.0012392 8.57901e-05
    0.897737   0.0279467   0.0245622 0.000350271
    0.923387    0.179102     0.16606  0.00113665
    0.949037    0.569939    0.564002  0.00319279
    0.974686     1.21026     1.20481  0.00412469
     1.00034     1.87486     1.85838  0.00504966
     1.02599      2.3583      2.3323  0.00386074
     1.05164     2.54179     2.54942  0.00333471
     1.07728     2.54276     2.54758  0.00296543
     1.10293     2.37306     2.40041  0.00396315
     1.12858     2.18786     2.19731  0.00375225
     1.15423     1.93697      1.9746  0.00314662
     1.17988      1.7373     1.75467  0.00312083
     1.20553     1.54304     1.56061  0.00286457
     1.23118     1.38713     1.38974  0.00255758
     1.25683     1.24283     1.24773  0.00271167
     1.28248     1.10649     1.12568  0.00241864
     1.30813     1.01573     1.02603  0.00190636
     1.33378    0.940788     0.94235  0.00225242
     1.35943      0.8746    0.874612  0.00203235
     1.38508    0.832265    0.821567  0.00202051
     1.41073    0.781188    0.776021  0.00169972
     1.43638    0.743682    0.740284  0.00175985
     1.46203    0.723388    0.712034   0.0017154
     1.48768    0.700613    0.692951  0.00170332
     1.51333    0.687436    0.678675  0.00154017
     1.53898    0.675099    0.672891  0.00144533
     1.56463    0.681799    0.671653  0.00159875
     1.59028    0.687039    0.676694  0.00145563
     1.61593    0.697442    0.686444  0.00183387
     1.64158    0.708799      0.7042  0.00172732
     1.66723    0.744061     0.72419  0.00192094
     1.69288    0.747424    0.748191  0.00165802
     1.71853    0.776201    0.778116  0.00152877
     1.74418    0.808513    0.813272  0.00191346
     1.76983    0.838581    0.852169  0.00168394
     1.79547    0.879223    0.892464  0.00182042
     1.82112     0.92579    0.934106  0.00162453
     1.84677    0.971715    0.974794  0.00228199
     1.87242     1.01453     1.01486  0.00183539
     1.89807     1.05368     1.05635  0.00150898
     1.92372     1.09621     1.09228  0.00175277
     1.94937     1.13584     1.12807  0.00149588
     1.97502     1.17141     1.15885  0.00172039
     2.00067      1.1933     1.18502   0.0011917
     2.02632     1.20934     1.20094  0.00165459
     2.05197     1.21873     1.21389  0.00167832
     2.07762     1.21571     1.21241  0.00140126
     2.10327      1.2125      1.2083  0.00150376
     2.12892     1.19913     1.19567  0.00180219
     2.15457     1.18325     1.17547  0.00178213
     2.18022     1.15351     1.15225  0.00156678
     2.20587     1.11004     1.12571  0.00194009
     2.23152     1.08599       1.097  0.00163264
     2.25717     1.05921     1.06821  0.00164344
     2.28282     1.02731     1.04097  0.00155486
     2.30847     1.00447     1.01493  0.00156846
     2.33412     0.97641    0.988401  0.00157356
     2.35977    0.961256    0.967951   0.0013871
     2.38542    0.949836    0.951243  0.00162575
     2.41107    0.931951    0.933406  0.00114417
     2.43672    0.918919    0.921693  0.00128933
     2.46237    0.910914    0.911803  0.00151663
     2.48802    0.892784    0.897846  0.00122628
     2.51366    0.879076     0.88786  0.00121688
     2.53931     0.88931    0.888355  0.00107563

           0           0           0           0
   0.0256496           0           0           0
   0.0512993           0           0           0
   0.0769489           0           0           0
    0.102599           0           0           0
    0.128248           0           0           0
    0.153898           0           0           0
    0.179547           0           0           0
    0.205197           0           0           0
    0.230847           0           0           0
    0.256496           0           0           0
    0.282146           0           0           0
    0.307796           0           0           0
    0.333445           0           0           0
    0.359095           0           0           0
    0.384745           0           0           0
    0.410394           0           0           0
    0.436044           0           0           0
    0.461694           0           0           0
    0.487343           0           0           0
    0.512993           0           0           0
    0.538642           0           0           0
    0.564292           0           0           0
    0.589942           0           0           0
    0.615591           0           0           0
    0.641241           0           0           0
    0.666891           0           0           0
     0.69254           0           0           0
     0.71819           0           0           0
     0.74384           0           0           0
    0.769489           0           0           0
    0.795139           0           0           0
    0.820788           0           0           0
    0.846438           0 9.60607e-06 7.36581e-06
    0.872088 0.000672505  0.00121821 8.51414e-05
    0.897737   0.0247132   0.0245678 0.000337343
    0.923387    0.165447    0.166037  0.00109477
    0.949037    0.569525    0.564206  0.00308108
    0.974686     1.22592     1.20559  0.00404532
     1.00034     1.88396     1.85933  0.00495067
     1.02599     2.32685      2.3321  0.00372303
     1.05164      2.5851     2.55074  0.00346317
     1.07728     2.56138     2.54809  0.00289931
     1.10293     2.43255      2.4016  0.00399108
     1.12858     2.21913     2.19812  0.00369931
     1.15423      1.9556      1.9739  0.00310782
     1.17988     1.75268     1.75459  0.00300611
     1.20553     1.53462     1.55965  0.00291568
     1.23118     1.38104     1.38942  0.00248307
     1.25683     1.22308     1.24682  0.00276069
     1.28248     1.12042     1.12549   0.0023369
     1.30813     1.02597     1.02602  0.00183575
     1.33378    0.944115    0.942416  0.00216995
     1.35943    0.877066    0.874703  0.00195911
     1.38508    0.805977     0.82099  0.00202651
     1.41073    0.766351    0.775663  0.00167407
     1.43638    0.726972    0.739791  0.00176239
     1.46203    0.702831    0.711693  0.00168539
     1.48768     0.68811    0.692772  0.00164965
     1.51333    0.655719    0.677825  0.00170169
     1.53898    0.662812    0.672518   0.0014392
     1.56463    0.666445     0.67146  0.00155113
     1.59028    0.673365    0.676571  0.00140694
     1.61593    0.679954    0.686204  0.00178163
     1.64158    0.702677    0.704144  0.00166426
     1.66723    0.728981    0.724368  0.00185797
     1.69288    0.754006    0.748406  0.00161054
     1.71853    0.790176    0.778563  0.00153602
     1.74418    0.823743     0.81366  0.00188148
     1.76983    0.866152    0.852687  0.00169934
     1.79547    0.902224    0.892826  0.00178853
     1.82112    0.952296     0.93478  0.00169831
     1.84677    0.981725    0.975051  0.00221187
     1.87242     1.03338     1.01555  0.00189119
     1.89807     1.07839     1.05717  0.00165926
     1.92372     1.10485     1.09275  0.00174857
     1.94937     1.14768      1.1288  0.00160711
     1.97502     1.17218     1.15934  0.00172612
     2.00067      1.1948     1.18538  0.00120136
     2.02632     1.20267     1.20101  0.00159455
     2.05197     1.20645     1.21361  0.00163863
     2.07762      1.2118     1.21238  0.00134954
     2.10327      1.1921      1.2077  0.00156319
     2.12892     1.18548      1.1953  0.00177453
     2.15457     1.15882     1.17485  0.00181965
     2.18022     1.13836     1.15174  0.00159107
     2.20587     1.11416     1.12528  0.00191482
     2.23152     1.10102     1.09715  0.00157895
     2.25717     1.06028     1.06792  0.00160864
     2.28282     1.02889     1.04053  0.00156031
     2.30847     1.00074     1.01441  0.00159608
     2.33412     0.97741    0.987994  0.00156705
     2.35977    0.957369    0.967559  0.00138999
     2.38542    0.942769    0.950929  0.00159554
     2.41107     0.92786      0.9332  0.00112008
     2.43672    0.912097    0.921337  0.00128963
     2.46237    0.909327    0.911711  0.00146322
     2.48802    0.891153    0.897598  0.00120566
     2.51366    0.886239      0.8878  0.00117329
     2.53931     0.88637    0.888281   0.0010383

           0           0           0           0
   0.0256496           0           0           0
   0.0512993           0           0           0
   0.0769489           0           0           0
    0.102599           0           0           0
    0.128248           0           0           0
    0.153898           0           0           0
    0.179547           0           0           0
    0.205197           0           0           0
    0.230847           0           0           0
    0.256496           0           0           0
    0.282146           0           0           0
    0.307796           0           0           0
    0.333445           0           0           0
    0.359095           0           0           0
    0.384745           0           0           0
    0.410394           0           0           0
    0.436044           0           0           0
    0.461694           0           0           0
    0.487343           0           0           0
    0.512993           0           0           0
    0.538642           0           0           0
    0.564292           0           0           0
    0.589942           0           0           0
    0.615591           0           0           0
    0.641241           0           0           0
    0.666891           0           0           0
     0.69254           0           0           0
     0.71819           0           0           0
     0.74384           0           0           0
    0.769489           0           0           0
    0.795139           0           0           0
    0.820788           0           0           0
    0.846438           0   9.263e-06 7.11073e-06
    0.872088  0.00110046    0.001214 8.22044e-05
    0.897737   0.0247132    0.024573 0.000325335
    0.923387    0.163535    0.165948  0.00105932
    0.949037    0.551155     0.56374   0.0030061
    0.974686      1.1919      1.2051  0.00393031
     1.00034     1.84417     1.85879  0.00480336
     1.02599     2.35963     2.33309  0.00371765
     1.05164     2.53478     2.55017  0.00338609
     1.07728     2.52093     2.54712  0.00295358
     1.10293     2.42086     2.40229  0.00390733
     1.12858     2.21193     2.19861  0.00359994
     1.15423     1.97929     1.97409  0.00300278
     1.17988     1.76248     1.75488  0.00291189
     1.20553     1.55072     1.55933  0.00282893
     1.23118     1.37541     1.38892  0.00244427
     1.25683     1.24238     1.24666  0.00266663
     1.28248     1.12364     1.12542  0.00225437
     1.30813     1.02805      1.0261  0.00177162
     1.33378    0.942821     0.94243   0.0020925
     1.35943    0.876609    0.874771  0.00189032
     1.38508    0.830207    0.821319  0.00198069
     1.41073    0.786314    0.776043  0.00165694
     1.43638    0.741539    0.739853  0.00170055
     1.46203    0.712868    0.711735  0.00162572
     1.48768    0.698465    0.692975  0.00160321
     1.51333    0.686121    0.678121  0.00166651
     1.53898    0.682037    0.672858   0.0014274
     1.56463    0.671409    0.671459  0.00149573
     1.59028    0.679978    0.676693  0.00136194
     1.61593    0.687661    0.686256  0.00171876
     1.64158    0.699686    0.703985  0.00161242
     1.66723    0.726793    0.724454  0.00179363
     1.69288    0.752361    0.748548   0.0015592
     1.71853    0.773326    0.778376   0.0014925
     1.74418     0.81042    0.813544  0.00181784
     1.76983    0.845557    0.852432  0.00165762
     1.79547    0.881975    0.892438  0.00176613
     1.82112    0.927527    0.934521  0.00165729
     1.84677    0.971604    0.974928  0.00213629
     1.87242     1.00355     1.01512  0.00187153
     1.89807     1.04091     1.05659  0.00169861
     1.92372     1.08723     1.09255  0.00169718
     1.94937     1.12089     1.12852  0.00157431
     1.97502     1.14949     1.15899  0.00169995
     2.00067      1.1813     1.18524  0.00116725
     2.02632     1.20474     1.20114  0.00154316
     2.05197     1.21729     1.21374  0.00158538
     2.07762     1.21991     1.21265  0.00132787
     2.10327      1.2069     1.20767  0.00150763
     2.12892      1.2065      1.1957  0.00175571
     2.15457     1.18213     1.17511  0.00177313
     2.18022     1.15386     1.15182  0.00153604
     2.20587     1.12559      1.1253  0.00184647
     2.23152     1.10269     1.09734  0.00153493
     2.25717     1.07306      1.0681  0.00156164
     2.28282     1.04427     1.04066  0.00151032
     2.30847     1.01949     1.01459  0.00154937
     2.33412     0.99867    0.988376  0.00155678
     2.35977    0.972261    0.967727  0.00135046
     2.38542    0.950693    0.950921  0.00153858
     2.41107    0.937883    0.933368  0.00109249
     2.43672    0.925127    0.921473  0.00125065
     2.46237    0.915509    0.911847  0.00141724
     2.48802    0.896826    0.897571  0.00116292
     2.51366    0.889839    0.887872  0.00113365
     2.53931     0.88906    0.888309  0.00100159

           0           0           0           0
   0.0256496           0           0           0
   0.0512993           0           0           0
   0.0769489           0           0           0
    0.102599           0           0           0
    0.128248           0           0           0
    0.153898           0           0           0
    0.179547           0           0           0
    0.205197           0           0           0
    0.230847           0           0           0
    0.256496           0           0           0
    0.282146           0           0           0
    0.307796           0           0           0
    0.333445           0           0           0
    0.359095           0           0           0
    0.384745           0           0           0
    0.410394           0           0           0
    0.436044           0           0           0
    0.461694           0           0           0
    0.487343           0           0           0
    0.512993           0           0           0
    0.538642           0           0           0
    0.564292           0           0           0
    0.589942           0           0           0
    0.615591           0           0           0
    0.641241           0           0           0
    0.666891           0           0           0
     0.69254           0           0           0
     0.71819           0           0           0
     0.74384           0           0           0
    0.769489           0           0           0
    0.795139           0           0           0
    0.820788           0           0           0
    0.846438           0 8.94358e-06 6.87271e-06
    0.872088  0.00165069  0.00122906 8.07372e-05
    0.897737   0.0228078   0.0245121  0.00031976
    0.923387    0.161186    0.165784  0.00103544
    0.949037    0.562125    0.563684  0.00290295
    0.974686     1.18738     1.20449  0.00384201
     1.00034     1.87743     1.85943  0.00468053
     1.02599     2.32499     2.33281  0.00359993
     1.05164     2.56271     2.55061   0.0032968
     1.07728     2.53052     2.54655  0.00290668
     1.10293     2.41386     2.40269   0.0037929
     1.12858     2.19121     2.19836  0.00348485
     1.15423     1.98723     1.97454  0.00293323
     1.17988     1.76375     1.75518  0.00282753
     1.20553     1.57575     1.55989  0.00278746
     1.23118     1.39747     1.38921   0.0023777
     1.25683     1.24791      1.2467  0.00257502
     1.28248     1.11782     1.12516  0.00219181
     1.30813     1.02202     1.02596  0.00171611
     1.33378    0.939706    0.942336  0.00202245
     1.35943    0.882202    0.875027  0.00184243
     1.38508    0.823984    0.821411  0.00191452
     1.41073    0.779865    0.776175  0.00160504
     1.43638    0.745528    0.740049  0.00165313
     1.46203     0.70107    0.711367  0.00161071
     1.48768    0.677414    0.692439  0.00163527
     1.51333    0.670704    0.677865  0.00162855
     1.53898    0.660744     0.67244    0.001438
     1.56463    0.662058    0.671134  0.00147886
     1.59028    0.672899    0.676562  0.00132124
     1.61593    0.686054    0.686249  0.00165951
     1.64158    0.705616    0.704041   0.0015578
     1.66723    0.729846     0.72464  0.00174139
     1.69288    0.751867    0.748662  0.00150963
     1.71853    0.787541    0.778692  0.00147412
     1.74418    0.814437    0.813575  0.00175541
     1.76983    0.845512    0.852194  0.00161755
     1.79547    0.896353    0.892573  0.00171038
     1.82112    0.922161    0.934095  0.00165404
     1.84677     0.96446    0.974567   0.0020929
     1.87242     1.01398     1.01508  0.00180741
     1.89807      1.0617     1.05677  0.00164916
     1.92372     1.10696     1.09305  0.00170981
     1.94937     1.14282     1.12901   0.0015954
     1.97502     1.15252     1.15876  0.00165591
     2.00067     1.18546     1.18524  0.00112703
     2.02632     1.20973     1.20144  0.00151813
     2.05197     1.20957      1.2136  0.00153724
     2.07762     1.22498     1.21308  0.00134837
     2.10327     1.20861     1.20771  0.00145598
     2.12892     1.19761     1.19576  0.00169641
     2.15457     1.17868     1.17524  0.00171625
     2.18022     1.15566     1.15195  0.00148878
     2.20587     1.12329     1.12523  0.00178408
     2.23152     1.09542     1.09728  0.00148344
     2.25717     1.06924     1.06814  0.00150829
     2.28282     1.03728     1.04054  0.00146273
     2.30847     1.02137     1.01482  0.00151348
     2.33412    0.991213    0.988473  0.00150617
     2.35977    0.959002    0.967426  0.00133698
     2.38542    0.953973    0.951026  0.00148912
     2.41107    0.939415    0.933576  0.00107454
     2.43672    0.917347     0.92133  0.00121559
     2.46237    0.910343    0.911795  0.00136932
     2.48802    0.884294    0.897113  0.00120958
     2.51366    0.873488    0.887376  0.00119816
     2.53931    0.876086    0.887888  0.00105201

           0           0           0           0
   0.0256496           0           0           0
   0.0512993           0           0           0
   0.0769489           0           0           0
    0.102599           0           0           0
    0.128248           0           0           0
    0.153898           0           0           0
    0.179547           0           0           0
    0.205197           0           0           0
    0.230847           0           0           0
    0.256496           0           0           0
    0.282146           0           0           0
    0.307796           0           0           0
    0.333445           0           0           0
    0.359095           0           0           0
    0.384745           0           0           0
    0.410394           0           0           0
    0.436044           0           0           0
    0.461694           0           0           0
    0.487343           0           0           0
    0.512993           0           0           0
    0.538642           0           0           0
    0.564292           0           0           0
    0.589942           0           0           0
    0.615591           0           0           0
    0.641241           0           0           0
    0.666891           0           0           0
     0.69254           0           0           0
     0.71819           0           0           0
     0.74384           0           0           0
    0.769489           0           0           0
    0.795139           0           0           0
    0.820788           0           0           0
    0.846438           0 8.64546e-06 6.65008e-06
    0.872088  0.00103933  0.00122274 7.82933e-05
    0.897737    0.023212   0.0244688 0.000312024
    0.923387    0.165774    0.165783  0.00100092
    0.949037    0.571284    0.563938  0.00281722
    0.974686     1.21507     1.20485  0.00373008
     1.00034      1.8785     1.86007  0.00456747
     1.02599     2.33483     2.33287  0.00348057
     1.05164     2.54881     2.55055  0.00318745
     1.07728     2.52528     2.54584  0.00289494
     1.10293     2.40648     2.40282  0.00366857
     1.12858     2.18625     2.19795  0.00339199
     1.15423     1.95317     1.97383  0.00292069
     1.17988     1.72781     1.75427  0.00287672
     1.20553     1.59026     1.56091  0.00287244
     1.23118     1.39951     1.38956  0.00232308
     1.25683     1.26486     1.24731  0.00255937
     1.28248     1.13688     1.12555  0.00215331
     1.30813     1.03768     1.02635  0.00170284
     1.33378    0.948049    0.942527  0.00196398
     1.35943    0.865625    0.874714  0.00180747
     1.38508    0.822171    0.821436  0.00185087
     1.41073    0.774927    0.776133  0.00155208
     1.43638    0.730824    0.739742  0.00162637
     1.46203    0.713594    0.711441  0.00155873
     1.48768     0.68745    0.692272  0.00158919
     1.51333     0.67352     0.67772  0.00158069
     1.53898    0.666828    0.672253  0.00140218
     1.56463    0.672891    0.671193  0.00143072
     1.59028    0.675693    0.676533  0.00127752
     1.61593      0.6884    0.686321  0.00160574
     1.64158    0.701225    0.703947   0.0015087
     1.66723    0.725165    0.724658  0.00168343
     1.69288    0.752443    0.748788  0.00146456
     1.71853    0.783165    0.778841   0.0014325
     1.74418    0.810948    0.813488  0.00169908
     1.76983    0.845256    0.851962  0.00158008
     1.79547    0.882898    0.892251   0.0016835
     1.82112    0.925506    0.933808   0.0016235
     1.84677    0.970912    0.974445  0.00202668
     1.87242     1.00936     1.01489  0.00175719
     1.89807     1.06796     1.05714  0.00163584
     1.92372     1.09313     1.09305  0.00165282
     1.94937     1.14126     1.12942  0.00159365
     1.97502     1.16225     1.15888  0.00160478
     2.00067     1.17805       1.185  0.00111465
     2.02632     1.19908     1.20136  0.00146955
     2.05197     1.20905     1.21345  0.00149345
     2.07762     1.22568      1.2135  0.00136727
     2.10327     1.22141     1.20816  0.00147736
     2.12892     1.19088      1.1956  0.00164766
     2.15457     1.17307     1.17516  0.00166055
     2.18022     1.14937     1.15186  0.00144164
     2.20587     1.13498     1.12555  0.00175396
     2.23152     1.10595     1.09757  0.00146189
     2.25717     1.07349     1.06832   0.0014685
     2.28282     1.05126      1.0409  0.00145694
     2.30847     1.01724      1.0149  0.00146516
     2.33412    0.992655    0.988613   0.0014624
     2.35977    0.970101    0.967515  0.00129539
     2.38542    0.944867    0.950821  0.00145357
     2.41107    0.932424    0.933538  0.00103941
     2.43672    0.917339    0.921197  0.00118233
     2.46237    0.904646    0.911557  0.00134425
     2.48802    0.881913    0.896606  0.00127095
     2.51366    0.882174    0.887203  0.00117071
     2.53931    0.876858     0.88752  0.00107928

